{
  "random_forest": {
    "accuracy": 0.8757069754915163,
    "per_class": {
      "DoS": {
        "precision": 0.7668464933791074,
        "recall": 0.9762737262737263,
        "f1": 0.8589792891281657
      },
      "Normal": {
        "precision": 0.9840674789128397,
        "recall": 0.9993078387264233,
        "f1": 0.9916291049581455
      },
      "Probe": {
        "precision": 0.44625407166123776,
        "recall": 0.06486742424242424,
        "f1": 0.11326994625878462
      },
      "R2L": {
        "precision": 0.10256410256410256,
        "recall": 0.006872852233676976,
        "f1": 0.01288244766505636
      },
      "U2R": {
        "precision": 0.0,
        "recall": 0.0,
        "f1": 0.0
      }
    },
    "confusion_matrix": [
      [
        7818,
        25,
        144,
        21,
        0
      ],
      [
        8,
        11550,
        0,
        0,
        0
      ],
      [
        1914,
        47,
        137,
        14,
        0
      ],
      [
        454,
        98,
        26,
        4,
        0
      ],
      [
        1,
        17,
        0,
        0,
        0
      ]
    ],
    "confusion_matrix_labels": [
      "DoS",
      "Normal",
      "Probe",
      "R2L",
      "U2R"
    ]
  },
  "xgboost": {
    "accuracy": 0.738082413143011,
    "per_class": {
      "DoS": {
        "precision": 0.7933933933933934,
        "recall": 0.4948801198801199,
        "f1": 0.6095516419287856
      },
      "Normal": {
        "precision": 0.9910599157568984,
        "recall": 0.9974909153832843,
        "f1": 0.9942650166012678
      },
      "Probe": {
        "precision": 0.2779573367808662,
        "recall": 0.4071969696969697,
        "f1": 0.33038801383019595
      },
      "R2L": {
        "precision": 0.035728307813113466,
        "recall": 0.1563573883161512,
        "f1": 0.058165548098434
      },
      "U2R": {
        "precision": 0.0,
        "recall": 0.0,
        "f1": 0.0
      }
    },
    "confusion_matrix": [
      [
        3963,
        8,
        2046,
        1989,
        2
      ],
      [
        12,
        11529,
        7,
        8,
        2
      ],
      [
        769,
        19,
        860,
        459,
        5
      ],
      [
        244,
        66,
        181,
        91,
        0
      ],
      [
        7,
        11,
        0,
        0,
        0
      ]
    ],
    "confusion_matrix_labels": [
      "DoS",
      "Normal",
      "Probe",
      "R2L",
      "U2R"
    ]
  },
  "mlp": {
    "accuracy": 0.6648711733548792,
    "per_class": {
      "DoS": {
        "precision": 0.8228357779695139,
        "recall": 0.3572677322677323,
        "f1": 0.49821506312581626
      },
      "Normal": {
        "precision": 0.9761367580701146,
        "recall": 0.9732652708080983,
        "f1": 0.9746988995754268
      },
      "Probe": {
        "precision": 0.20624342336022447,
        "recall": 0.2784090909090909,
        "f1": 0.23695345557122707
      },
      "R2L": {
        "precision": 0.1393643031784841,
        "recall": 0.1958762886597938,
        "f1": 0.16285714285714287
      },
      "U2R": {
        "precision": 0.0,
        "recall": 0.0,
        "f1": 0.0
      }
    },
    "confusion_matrix": [
      [
        2861,
        17,
        2080,
        199,
        2851
      ],
      [
        81,
        11249,
        95,
        111,
        22
      ],
      [
        366,
        67,
        588,
        393,
        698
      ],
      [
        160,
        183,
        88,
        114,
        37
      ],
      [
        9,
        8,
        0,
        1,
        0
      ]
    ],
    "confusion_matrix_labels": [
      "DoS",
      "Normal",
      "Probe",
      "R2L",
      "U2R"
    ]
  },
  "majority_voting": {
    "accuracy": 0.8496274351378041,
    "per_class": {
      "DoS": {
        "precision": 0.7716123405647007,
        "recall": 0.8838661338661339,
        "f1": 0.8239334148186951
      },
      "Normal": {
        "precision": 0.9870785555365394,
        "recall": 0.9980100363384669,
        "f1": 0.9925141972121838
      },
      "Probe": {
        "precision": 0.24219409282700421,
        "recall": 0.13589015151515152,
        "f1": 0.1740976645435244
      },
      "R2L": {
        "precision": 0.12280701754385964,
        "recall": 0.048109965635738834,
        "f1": 0.0691358024691358
      },
      "U2R": {
        "precision": 0.0,
        "recall": 0.0,
        "f1": 0.0
      }
    },
    "confusion_matrix": [
      [
        7078,
        11,
        851,
        68,
        0
      ],
      [
        17,
        11535,
        0,
        4,
        2
      ],
      [
        1652,
        41,
        287,
        128,
        4
      ],
      [
        419,
        88,
        47,
        28,
        0
      ],
      [
        7,
        11,
        0,
        0,
        0
      ]
    ],
    "confusion_matrix_labels": [
      "DoS",
      "Normal",
      "Probe",
      "R2L",
      "U2R"
    ]
  }
}