{
  "random_forest": {
    "accuracy": 0.8026390280015677,
    "per_class": {
      "Analysis": {
        "precision": 0.0,
        "recall": 0.0,
        "f1": 0.0
      },
      "Backdoors": {
        "precision": 0.044444444444444446,
        "recall": 0.0030211480362537764,
        "f1": 0.005657708628005658
      },
      "DoS": {
        "precision": 0.38310185185185186,
        "recall": 0.5711820534943917,
        "f1": 0.458607551091098
      },
      "Exploits": {
        "precision": 0.2774688906539582,
        "recall": 0.26464646464646463,
        "f1": 0.2709060359312395
      },
      "Fuzzers": {
        "precision": 0.0,
        "recall": 0.0,
        "f1": 0.0
      },
      "Generic": {
        "precision": 0.06,
        "recall": 0.004451038575667656,
        "f1": 0.008287292817679558
      },
      "Normal": {
        "precision": 0.9533197110541918,
        "recall": 0.9814814814814815,
        "f1": 0.9671956436048295
      },
      "Reconnaissance": {
        "precision": 0.09162303664921466,
        "recall": 0.019390581717451522,
        "f1": 0.03200731595793324
      },
      "Shellcode": {
        "precision": 0.125,
        "recall": 0.0036101083032490976,
        "f1": 0.007017543859649123
      },
      "Worms": {
        "precision": 0.0,
        "recall": 0.0,
        "f1": 0.0
      }
    },
    "confusion_matrix": [
      [
        0,
        0,
        39,
        17,
        0,
        0,
        12,
        0,
        0,
        0
      ],
      [
        0,
        2,
        371,
        201,
        0,
        0,
        60,
        28,
        0,
        0
      ],
      [
        0,
        17,
        2648,
        1443,
        0,
        20,
        329,
        177,
        1,
        1
      ],
      [
        1,
        15,
        1914,
        1048,
        1,
        10,
        869,
        100,
        2,
        0
      ],
      [
        0,
        0,
        29,
        20,
        0,
        0,
        6,
        3,
        0,
        0
      ],
      [
        0,
        4,
        393,
        218,
        0,
        3,
        38,
        16,
        1,
        1
      ],
      [
        0,
        1,
        391,
        216,
        0,
        1,
        33125,
        15,
        1,
        0
      ],
      [
        0,
        5,
        967,
        524,
        0,
        15,
        257,
        35,
        2,
        0
      ],
      [
        1,
        1,
        141,
        78,
        0,
        1,
        47,
        7,
        1,
        0
      ],
      [
        0,
        0,
        19,
        12,
        0,
        0,
        4,
        1,
        0,
        0
      ]
    ],
    "confusion_matrix_labels": [
      "Analysis",
      "Backdoors",
      "DoS",
      "Exploits",
      "Fuzzers",
      "Generic",
      "Normal",
      "Reconnaissance",
      "Shellcode",
      "Worms"
    ]
  },
  "xgboost": {
    "accuracy": 0.7725689152114271,
    "per_class": {
      "Analysis": {
        "precision": 0.0,
        "recall": 0.0,
        "f1": 0.0
      },
      "Backdoors": {
        "precision": 0.03768844221105527,
        "recall": 0.06797583081570997,
        "f1": 0.04849137931034483
      },
      "DoS": {
        "precision": 0.4098861427381283,
        "recall": 0.3183779119930975,
        "f1": 0.35838290639796044
      },
      "Exploits": {
        "precision": 0.29656607700312176,
        "recall": 0.2159090909090909,
        "f1": 0.2498903989478299
      },
      "Fuzzers": {
        "precision": 0.0,
        "recall": 0.0,
        "f1": 0.0
      },
      "Generic": {
        "precision": 0.04780433574207893,
        "recall": 0.12759643916913946,
        "f1": 0.06955115244642135
      },
      "Normal": {
        "precision": 0.9933005941554505,
        "recall": 0.9708740740740741,
        "f1": 0.9819593035452067
      },
      "Reconnaissance": {
        "precision": 0.09731543624161074,
        "recall": 0.12853185595567868,
        "f1": 0.11076629267128194
      },
      "Shellcode": {
        "precision": 0.02447980416156671,
        "recall": 0.07220216606498195,
        "f1": 0.03656307129798903
      },
      "Worms": {
        "precision": 0.0,
        "recall": 0.0,
        "f1": 0.0
      }
    },
    "confusion_matrix": [
      [
        0,
        11,
        19,
        19,
        1,
        7,
        3,
        5,
        3,
        0
      ],
      [
        11,
        45,
        205,
        149,
        0,
        80,
        5,
        138,
        27,
        2
      ],
      [
        40,
        283,
        1476,
        1103,
        5,
        492,
        58,
        907,
        263,
        9
      ],
      [
        86,
        449,
        973,
        855,
        7,
        508,
        100,
        723,
        253,
        6
      ],
      [
        0,
        3,
        19,
        11,
        0,
        4,
        0,
        19,
        2,
        0
      ],
      [
        4,
        62,
        204,
        166,
        0,
        86,
        7,
        107,
        36,
        2
      ],
      [
        22,
        102,
        228,
        219,
        3,
        146,
        32767,
        192,
        68,
        3
      ],
      [
        29,
        197,
        416,
        307,
        8,
        425,
        41,
        232,
        144,
        6
      ],
      [
        13,
        42,
        53,
        41,
        0,
        47,
        4,
        56,
        20,
        1
      ],
      [
        2,
        0,
        8,
        13,
        0,
        4,
        3,
        5,
        1,
        0
      ]
    ],
    "confusion_matrix_labels": [
      "Analysis",
      "Backdoors",
      "DoS",
      "Exploits",
      "Fuzzers",
      "Generic",
      "Normal",
      "Reconnaissance",
      "Shellcode",
      "Worms"
    ]
  },
  "mlp": {
    "accuracy": 0.7203980316160781,
    "per_class": {
      "Analysis": {
        "precision": 0.0018867924528301887,
        "recall": 0.029411764705882353,
        "f1": 0.0035460992907801418
      },
      "Backdoors": {
        "precision": 0.03488372093023256,
        "recall": 0.004531722054380665,
        "f1": 0.008021390374331552
      },
      "DoS": {
        "precision": 0.6388888888888888,
        "recall": 0.004961173425366695,
        "f1": 0.009845890410958904
      },
      "Exploits": {
        "precision": 0.0,
        "recall": 0.0,
        "f1": 0.0
      },
      "Fuzzers": {
        "precision": 0.0,
        "recall": 0.0,
        "f1": 0.0
      },
      "Generic": {
        "precision": 0.20078740157480315,
        "recall": 0.07566765578635015,
        "f1": 0.10991379310344827
      },
      "Normal": {
        "precision": 0.9987900223380491,
        "recall": 0.9538666666666666,
        "f1": 0.9758115849777212
      },
      "Reconnaissance": {
        "precision": 0.16659646166807077,
        "recall": 0.43822714681440444,
        "f1": 0.2414161452769724
      },
      "Shellcode": {
        "precision": 0.00392156862745098,
        "recall": 0.007220216606498195,
        "f1": 0.005082592121982211
      },
      "Worms": {
        "precision": 0.0035810205908683975,
        "recall": 0.5555555555555556,
        "f1": 0.007116171499733144
      }
    },