{
  "random_forest": {
    "accuracy": 0.9953317173893528,
    "per_class": {
      "DoS": {
        "precision": 0.9996251405722854,
        "recall": 0.999000999000999,
        "f1": 0.999312972331522
      },
      "Normal": {
        "precision": 0.994050185392774,
        "recall": 0.9974043952240872,
        "f1": 0.9957244655581948
      },
      "Probe": {
        "precision": 0.9952696310312205,
        "recall": 0.9962121212121212,
        "f1": 0.995740653099858
      },
      "R2L": {
        "precision": 0.969147005444646,
        "recall": 0.9175257731958762,
        "f1": 0.942630185348632
      },
      "U2R": {
        "precision": 0.6153846153846154,
        "recall": 0.4444444444444444,
        "f1": 0.5161290322580645
      }
    },
    "confusion_matrix": [
      [
        8000,
        6,
        2,
        0,
        0
      ],
      [
        3,
        11528,
        8,
        17,
        2
      ],
      [
        0,
        8,
        2104,
        0,
        0
      ],
      [
        0,
        45,
        0,
        534,
        3
      ],
      [
        0,
        10,
        0,
        0,
        8
      ]
    ],
    "confusion_matrix_labels": [
      "DoS",
      "Normal",
      "Probe",
      "R2L",
      "U2R"
    ]
  },
  "xgboost": {
    "accuracy": 0.996139689379657,
    "per_class": {
      "DoS": {
        "precision": 0.9995005618678986,
        "recall": 0.9996253746253746,
        "f1": 0.9995629643503777
      },
      "Normal": {
        "precision": 0.998696558915537,
        "recall": 0.994376189652189,
        "f1": 0.9965316916673892
      },
      "Probe": {
        "precision": 0.9957487009919698,
        "recall": 0.9981060606060606,
        "f1": 0.9969259872310239
      },
      "R2L": {
        "precision": 0.9192245557350566,
        "recall": 0.9776632302405498,
        "f1": 0.9475437135720233
      },
      "U2R": {
        "precision": 0.68,
        "recall": 0.9444444444444444,
        "f1": 0.7906976744186046
      }
    },
    "confusion_matrix": [
      [
        8005,
        2,
        1,
        0,
        0
      ],
      [
        4,
        11493,
        8,
        49,
        4
      ],
      [
        0,
        3,
        2108,
        1,
        0
      ],
      [
        0,
        9,
        0,
        569,
        4
      ],
      [
        0,
        1,
        0,
        0,
        17
      ]
    ],
    "confusion_matrix_labels": [
      "DoS",
      "Normal",
      "Probe",
      "R2L",
      "U2R"
    ]
  },
  "mlp": {
<<<<<<<< HEAD:results/shad_baseline_metrics_nslkdd.json
    "accuracy": 0.9615315557949546,
    "per_class": {
      "DoS": {
        "precision": 0.9959824231010672,
        "recall": 0.9906343656343657,
        "f1": 0.9933011957678582
      },
      "Normal": {
        "precision": 0.9934372436423298,
        "recall": 0.9429832150891158,
        "f1": 0.967552931776821
      },
      "Probe": {
        "precision": 0.9468621163536418,
        "recall": 0.9786931818181818,
        "f1": 0.9625145518044238
      },
      "R2L": {
        "precision": 0.6412213740458015,
        "recall": 0.865979381443299,
        "f1": 0.7368421052631579
      },
      "U2R": {
        "precision": 0.04825737265415549,
        "recall": 1.0,
        "f1": 0.09207161125319693
========
    "accuracy": 0.9605889218062663,
    "per_class": {
      "DoS": {
        "precision": 0.9938673341677097,
        "recall": 0.9916333666333667,
        "f1": 0.9927490936367046
      },
      "Normal": {
        "precision": 0.9954006071198602,
        "recall": 0.9362346426717425,
        "f1": 0.964911498506398
      },
      "Probe": {
        "precision": 0.9118421052631579,
        "recall": 0.984375,
        "f1": 0.9467213114754098
      },
      "R2L": {
        "precision": 0.6046770601336303,
        "recall": 0.9329896907216495,
        "f1": 0.7337837837837838
      },
      "U2R": {
        "precision": 0.06694560669456066,
        "recall": 0.8888888888888888,
        "f1": 0.1245136186770428
>>>>>>>> 642e7e252a126bc971f0cdc8e33965f7d9e401af:results/alyssa_baseline_metrics_nslkdd.json
      }
    },
    "confusion_matrix": [
      [
<<<<<<<< HEAD:results/shad_baseline_metrics_nslkdd.json
        7933,
        27,
        18,
        28,
        2
      ],
      [
        22,
        10899,
        97,
        252,
        288
      ],
      [
        10,
        17,
        2067,
        2,
========
        7941,
        18,
        26,
        20,
        3
      ],
      [
        44,
        10821,
        173,
        330,
        190
      ],
      [
        5,
        13,
        2079,
        5,
        10
      ],
      [
        0,
        17,
        2,
        543,
        20
      ],
      [
        0,
        2,
        0,
        0,
>>>>>>>> 642e7e252a126bc971f0cdc8e33965f7d9e401af:results/alyssa_baseline_metrics_nslkdd.json
        16
      ],
      [
        0,
        28,
        1,
        504,
        49
      ],
      [
        0,
        0,
        0,
        0,
        18
      ]
    ],
    "confusion_matrix_labels": [
      "DoS",
      "Normal",
      "Probe",
      "R2L",
      "U2R"
    ]
  },
  "majority_voting": {
<<<<<<<< HEAD:results/shad_baseline_metrics_nslkdd.json
    "accuracy": 0.995152168058174,
    "per_class": {
      "DoS": {
        "precision": 0.9996251874062968,
        "recall": 0.9991258741258742,
        "f1": 0.999375468398701
      },
      "Normal": {
        "precision": 0.996274153019669,
        "recall": 0.9948087904481744,
        "f1": 0.9955409325079008
      },
      "Probe": {
        "precision": 0.9938650306748467,
        "recall": 0.9971590909090909,
        "f1": 0.9955093358544079
      },
      "R2L": {
        "precision": 0.9272419627749577,
        "recall": 0.9415807560137457,
        "f1": 0.9343563512361467
      },
      "U2R": {
        "precision": 0.7391304347826086,
        "recall": 0.9444444444444444,
        "f1": 0.8292682926829268
========
    "accuracy": 0.9954214920549421,
    "per_class": {
      "DoS": {
        "precision": 0.9996252342286072,
        "recall": 0.9992507492507493,
        "f1": 0.9994379566602136
      },
      "Normal": {
        "precision": 0.9967923710446467,
        "recall": 0.9948087904481744,
        "f1": 0.9957995929502447
      },
      "Probe": {
        "precision": 0.9938679245283019,
        "recall": 0.9976325757575758,
        "f1": 0.9957466918714556
      },
      "R2L": {
        "precision": 0.9262981574539364,
        "recall": 0.9501718213058419,
        "f1": 0.9380831212892281
      },
      "U2R": {
        "precision": 0.7619047619047619,
        "recall": 0.8888888888888888,
        "f1": 0.8205128205128205
>>>>>>>> 642e7e252a126bc971f0cdc8e33965f7d9e401af:results/alyssa_baseline_metrics_nslkdd.json
      }
    },
    "confusion_matrix": [
      [
<<<<<<<< HEAD:results/shad_baseline_metrics_nslkdd.json
        8001,
        5,
========
        8002,
        4,
>>>>>>>> 642e7e252a126bc971f0cdc8e33965f7d9e401af:results/alyssa_baseline_metrics_nslkdd.json
        2,
        0,
        0
      ],
      [
        3,
        11498,
        11,
<<<<<<<< HEAD:results/shad_baseline_metrics_nslkdd.json
        43,
        3
========
        44,
        2
>>>>>>>> 642e7e252a126bc971f0cdc8e33965f7d9e401af:results/alyssa_baseline_metrics_nslkdd.json
      ],
      [
        0,
        5,
        2107,
        0,
        0
      ],
      [
        0,
<<<<<<<< HEAD:results/shad_baseline_metrics_nslkdd.json
        31,
        0,
        548,
========
        26,
        0,
        553,
>>>>>>>> 642e7e252a126bc971f0cdc8e33965f7d9e401af:results/alyssa_baseline_metrics_nslkdd.json
        3
      ],
      [
        0,
        2,
        0,
        0,
        16
      ]
    ],
    "confusion_matrix_labels": [
      "DoS",
      "Normal",
      "Probe",
      "R2L",
      "U2R"
    ]
  }
}