{
  "random_forest": {
    "accuracy": 0.995286830056558,
    "per_class": {
      "DoS": {
        "precision": 0.9996251405722854,
        "recall": 0.999000999000999,
        "f1": 0.999312972331522
      },
      "Normal": {
        "precision": 0.9940496723007933,
        "recall": 0.9973178750648901,
        "f1": 0.9956810918199879
      },
      "Probe": {
        "precision": 0.9952673923331756,
        "recall": 0.9957386363636364,
        "f1": 0.9955029585798817
      },
      "R2L": {
        "precision": 0.9674502712477396,
        "recall": 0.9192439862542955,
        "f1": 0.9427312775330396
      },
      "U2R": {
        "precision": 0.6153846153846154,
        "recall": 0.4444444444444444,
        "f1": 0.5161290322580645
      }
    },
    "confusion_matrix": [
      [
        8000,
        6,
        2,
        0,
        0
      ],
      [
        3,
        11527,
        8,
        18,
        2
      ],
      [
        0,
        9,
        2103,
        0,
        0
      ],
      [
        0,
        44,
        0,
        535,
        3
      ],
      [
        0,
        10,
        0,
        0,
        8
      ]
    ],
    "confusion_matrix_labels": [
      "DoS",
      "Normal",
      "Probe",
      "R2L",
      "U2R"
    ]
  },
  "xgboost": {
    "accuracy": 0.996139689379657,
    "per_class": {
      "DoS": {
        "precision": 0.9995005618678986,
        "recall": 0.9996253746253746,
        "f1": 0.9995629643503777
      },
      "Normal": {
        "precision": 0.998696558915537,
        "recall": 0.994376189652189,
        "f1": 0.9965316916673892
      },
      "Probe": {
        "precision": 0.9957487009919698,
        "recall": 0.9981060606060606,
        "f1": 0.9969259872310239
      },
      "R2L": {
        "precision": 0.9192245557350566,
        "recall": 0.9776632302405498,
        "f1": 0.9475437135720233
      },
      "U2R": {
        "precision": 0.68,
        "recall": 0.9444444444444444,
        "f1": 0.7906976744186046
      }
    },
    "confusion_matrix": [
      [
        8005,
        2,
        1,
        0,
        0
      ],
      [
        4,
        11493,
        8,
        49,
        4
      ],
      [
        0,
        3,
        2108,
        1,
        0
      ],
      [
        0,
        9,
        0,
        569,
        4
      ],
      [
        0,
        1,
        0,
        0,
        17
      ]
    ],
    "confusion_matrix_labels": [
      "DoS",
      "Normal",
      "Probe",
      "R2L",
      "U2R"
    ]
  },
  "mlp": {
    "accuracy": 0.9659754017416285,
    "per_class": {
      "DoS": {
        "precision": 0.9941323345817727,
        "recall": 0.9943806193806194,
        "f1": 0.994256461480834
      },
      "Normal": {
        "precision": 0.9950935853170998,
        "recall": 0.9475687835265617,
        "f1": 0.9707498670448502
      },
      "Probe": {
        "precision": 0.9336322869955157,
        "recall": 0.9857954545454546,
        "f1": 0.9590050667894979
      },
      "R2L": {
        "precision": 0.6657929226736566,
        "recall": 0.872852233676976,
        "f1": 0.7553903345724907
      },
      "U2R": {
        "precision": 0.055762081784386616,
        "recall": 0.8333333333333334,
        "f1": 0.10452961672473868
      }
    },
    "confusion_matrix": [
      [
        7963,
        13,
        9,
        22,
        1
      ],
      [
        41,
        10952,
        138,
        229,
        198
      ],
      [
        6,
        14,
        2082,
        4,
        6
      ],
      [
        0,
        24,
        1,
        508,
        49
      ],
      [
        0,
        3,
        0,
        0,
        15
      ]
    ],
    "confusion_matrix_labels": [
      "DoS",
      "Normal",
      "Probe",
      "R2L",
      "U2R"
    ]
  },
  "majority_voting": {
    "accuracy": 0.9951970553909687,
    "per_class": {
      "DoS": {
        "precision": 0.9996252810392205,
        "recall": 0.9993756243756243,
        "f1": 0.9995004371175221
      },
      "Normal": {
        "precision": 0.9962744758274129,
        "recall": 0.9948953106073715,
        "f1": 0.9955844155844156
      },
      "Probe": {
        "precision": 0.9943316013226263,
        "recall": 0.9966856060606061,
        "f1": 0.9955072121068811
      },
      "R2L": {
        "precision": 0.9289340101522843,
        "recall": 0.9432989690721649,
        "f1": 0.9360613810741688
      },
      "U2R": {
        "precision": 0.6818181818181818,
        "recall": 0.8333333333333334,
        "f1": 0.75
      }
    },
    "confusion_matrix": [
      [
        8003,
        4,
        1,
        0,
        0
      ],
      [
        3,
        11499,
        11,
        42,
        3
      ],
      [
        0,
        7,
        2105,
        0,
        0
      ],
      [
        0,
        29,
        0,
        549,
        4
      ],
      [
        0,
        3,
        0,
        0,
        15
      ]
    ],
    "confusion_matrix_labels": [
      "DoS",
      "Normal",
      "Probe",
      "R2L",
      "U2R"
    ]
  }
}