{
  "random_forest": {
    "accuracy": 0.9938055480743334,
    "per_class": {
      "DoS": {
        "precision": 0.9955162535807697,
        "recall": 0.9981268731268731,
        "f1": 0.9968198540874228
      },
      "Normal": {
        "precision": 0.9945652173913043,
        "recall": 0.9974909153832843,
        "f1": 0.9960259179265659
      },
      "Probe": {
        "precision": 0.9928366762177651,
        "recall": 0.984375,
        "f1": 0.9885877318116976
      },
      "R2L": {
        "precision": 0.9638336347197106,
        "recall": 0.915807560137457,
        "f1": 0.9392070484581497
      },
      "U2R": {
        "precision": 0.6,
        "recall": 0.3333333333333333,
        "f1": 0.42857142857142855
      }
    },
    "confusion_matrix": [
      [
        7993,
        6,
        7,
        2,
        0
      ],
      [
        3,
        11529,
        8,
        17,
        1
      ],
      [
        25,
        7,
        2079,
        1,
        0
      ],
      [
        7,
        39,
        0,
        533,
        3
      ],
      [
        1,
        11,
        0,
        0,
        6
      ]
    ],
    "confusion_matrix_labels": [
      "DoS",
      "Normal",
      "Probe",
      "R2L",
      "U2R"
    ]
  },
  "xgboost": {
    "accuracy": 0.9925038154232876,
    "per_class": {
      "DoS": {
        "precision": 0.9991242337044914,
        "recall": 0.9972527472527473,
        "f1": 0.9981876132741704
      },
      "Normal": {
        "precision": 0.9979064898813678,
        "recall": 0.989790621214743,
        "f1": 0.9938319867952393
      },
      "Probe": {
        "precision": 0.9813432835820896,
        "recall": 0.9962121212121212,
        "f1": 0.9887218045112782
      },
      "R2L": {
        "precision": 0.864329268292683,
        "recall": 0.9742268041237113,
        "f1": 0.9159935379644588
      },
      "U2R": {
        "precision": 0.6666666666666666,
        "recall": 0.7777777777777778,
        "f1": 0.717948717948718
      }
    },
    "confusion_matrix": [
      [
        7986,
        3,
        16,
        2,
        1
      ],
      [
        6,
        11440,
        24,
        85,
        3
      ],
      [
        0,
        7,
        2104,
        1,
        0
      ],
      [
        1,
        11,
        0,
        567,
        3
      ],
      [
        0,
        3,
        0,
        1,
        14
      ]
    ],
    "confusion_matrix_labels": [
      "DoS",
      "Normal",
      "Probe",
      "R2L",
      "U2R"
    ]
  },
  "mlp": {
    "accuracy": 0.9617559924589281,
    "per_class": {
      "DoS": {
        "precision": 0.9941117514407417,
        "recall": 0.9908841158841158,
        "f1": 0.9924953095684803
      },
      "Normal": {
        "precision": 0.9958257713248638,
        "recall": 0.9494722270288978,
        "f1": 0.9720967313313845
      },
      "Probe": {
        "precision": 0.9345018450184502,
        "recall": 0.959280303030303,
        "f1": 0.9467289719626168
      },
      "R2L": {
        "precision": 0.5831295843520783,
        "recall": 0.8195876288659794,
        "f1": 0.6814285714285714
      },
      "U2R": {
        "precision": 0.04827586206896552,
        "recall": 0.7777777777777778,
        "f1": 0.09090909090909091
      }
    },
    "confusion_matrix": [
      [
        7935,
        9,
        21,
        40,
        3
      ],
      [
        32,
        10974,
        118,
        294,
        140
      ],
      [
        14,
        20,
        2026,
        6,
        46
      ],
      [
        1,
        16,
        1,
        477,
        87
      ],
      [
        0,
        1,
        2,
        1,
        14
      ]
    ],
    "confusion_matrix_labels": [
      "DoS",
      "Normal",
      "Probe",
      "R2L",
      "U2R"
    ]
  },
  "lstm": {
    "accuracy": 0.8132238082413143,
    "per_class": {
      "DoS": {
        "precision": 0.7967451523545707,
        "recall": 0.862012987012987,
        "f1": 0.8280950095969289
      },
      "Normal": {
        "precision": 0.8743225806451613,
        "recall": 0.8793908980792524,
        "f1": 0.8768494155199931
      },
      "Probe": {
        "precision": 0.5279034690799397,
        "recall": 0.4971590909090909,
        "f1": 0.5120702267739575
      },
      "R2L": {
        "precision": 0.0,
        "recall": 0.0,
        "f1": 0.0
      },
      "U2R": {
        "precision": 0.0,
        "recall": 0.0,
        "f1": 0.0
      }
    },
    "confusion_matrix": [
      [
        6903,
        606,
        499,
        0,
        0
      ],
      [
        968,
        10164,
        426,
        0,
        0
      ],
      [
        744,
        318,
        1050,
        0,
        0
      ],
      [
        47,
        524,
        11,
        0,
        0
      ],
      [
        2,
        13,
        3,
        0,
        0
      ]
    ],
    "confusion_matrix_labels": [
      "DoS",
      "Normal",
      "Probe",
      "R2L",
      "U2R"
    ]
  },
  "majority_voting": {
    "accuracy": 0.9924589280904929,
    "per_class": {
      "DoS": {
        "precision": 0.9944015924359293,
        "recall": 0.9981268731268731,
        "f1": 0.9962607503427645
      },
      "Normal": {
        "precision": 0.9931790709721983,
        "recall": 0.9952413912441599,
        "f1": 0.9942091616248919
      },
      "Probe": {
        "precision": 0.989961759082218,
        "recall": 0.9805871212121212,
        "f1": 0.9852521408182683
      },
      "R2L": {
        "precision": 0.9657039711191335,
        "recall": 0.9192439862542955,
        "f1": 0.9419014084507042
      },
      "U2R": {
        "precision": 0.6666666666666666,
        "recall": 0.4444444444444444,
        "f1": 0.5333333333333333
      }
    },
    "confusion_matrix": [
      [
        7993,
        6,
        8,
        1,
        0
      ],
      [
        23,
        11503,
        13,
        18,
        1
      ],
      [
        20,
        21,
        2071,
        0,
        0
      ],
      [
        1,
        43,
        0,
        535,
        3
      ],
      [
        1,
        9,
        0,
        0,
        8
      ]
    ],
    "confusion_matrix_labels": [
      "DoS",
      "Normal",
      "Probe",
      "R2L",
      "U2R"
    ]
  }
}