{
  "random_forest": {
    "accuracy": 0.9954663793877367,
    "per_class": {
      "DoS": {
        "precision": 0.9996251405722854,
        "recall": 0.999000999000999,
        "f1": 0.999312972331522
      },
      "Normal": {
        "precision": 0.9949050086355786,
        "recall": 0.9967987541097075,
        "f1": 0.9958509810701012
      },
      "Probe": {
        "precision": 0.9943342776203966,
        "recall": 0.9971590909090909,
        "f1": 0.9957446808510638
      },
      "R2L": {
        "precision": 0.9609236234458259,
        "recall": 0.929553264604811,
        "f1": 0.9449781659388646
      },
      "U2R": {
        "precision": 0.6428571428571429,
        "recall": 0.5,
        "f1": 0.5625
      }
    },
    "confusion_matrix": [
      [
        8000,
        6,
        2,
        0,
        0
      ],
      [
        3,
        11521,
        10,
        22,
        2
      ],
      [
        0,
        6,
        2106,
        0,
        0
      ],
      [
        0,
        38,
        0,
        541,
        3
      ],
      [
        0,
        9,
        0,
        0,
        9
      ]
    ],
    "confusion_matrix_labels": [
      "DoS",
      "Normal",
      "Probe",
      "R2L",
      "U2R"
    ]
  },
  "xgboost": {
    "accuracy": 0.9956459287189156,
    "per_class": {
      "DoS": {
        "precision": 0.9992507492507493,
        "recall": 0.9992507492507493,
        "f1": 0.9992507492507493
      },
      "Normal": {
        "precision": 0.9985219961745784,
        "recall": 0.9936840283786122,
        "f1": 0.9960971379011275
      },
      "Probe": {
        "precision": 0.9920037629350894,
        "recall": 0.9985795454545454,
        "f1": 0.9952807928268051
      },
      "R2L": {
        "precision": 0.919093851132686,
        "recall": 0.9759450171821306,
        "f1": 0.9466666666666667
      },
      "U2R": {
        "precision": 0.7083333333333334,
        "recall": 0.9444444444444444,
        "f1": 0.8095238095238095
      }
    },
    "confusion_matrix": [
      [
        8002,
        3,
        3,
        0,
        0
      ],
      [
        6,
        11485,
        14,
        50,
        3
      ],
      [
        0,
        3,
        2109,
        0,
        0
      ],
      [
        0,
        10,
        0,
        568,
        4
      ],
      [
        0,
        1,
        0,
        0,
        17
      ]
    ],
    "confusion_matrix_labels": [
      "DoS",
      "Normal",
      "Probe",
      "R2L",
      "U2R"
    ]
  },
  "mlp": {
    "accuracy": 0.9640901337642517,
    "per_class": {
      "DoS": {
        "precision": 0.9962443665498247,
        "recall": 0.9937562437562437,
        "f1": 0.9949987496874219
      },
      "Normal": {
        "precision": 0.99515716374269,
        "recall": 0.942291053815539,
        "f1": 0.9680028441916274
      },
      "Probe": {
        "precision": 0.9399454049135578,
        "recall": 0.978219696969697,
        "f1": 0.9587006960556844
      },
      "R2L": {
        "precision": 0.6075388026607539,
        "recall": 0.9415807560137457,
        "f1": 0.738544474393531
      },
      "U2R": {
        "precision": 0.06097560975609756,
        "recall": 0.8333333333333334,
        "f1": 0.11363636363636363
      }
    },
    "confusion_matrix": [
      [
        7958,
        13,
        13,
        24,
        0
      ],
      [
        23,
        10891,
        118,
        327,
        199
      ],
      [
        7,
        21,
        2066,
        3,
        15
      ],
      [
        0,
        16,
        1,
        548,
        17
      ],
      [
        0,
        3,
        0,
        0,
        15
      ]
    ],
    "confusion_matrix_labels": [
      "DoS",
      "Normal",
      "Probe",
      "R2L",
      "U2R"
    ]
  },
  "majority_voting": {
    "accuracy": 0.9952419427237633,
    "per_class": {
      "DoS": {
        "precision": 0.9992505620784412,
        "recall": 0.999000999000999,
        "f1": 0.9991257649556637
      },
      "Normal": {
        "precision": 0.9973094948793613,
        "recall": 0.9942031493337947,
        "f1": 0.9957538994800693
      },
      "Probe": {
        "precision": 0.992467043314501,
        "recall": 0.9981060606060606,
        "f1": 0.9952785646836638
      },
      "R2L": {
        "precision": 0.9237147595356551,
        "recall": 0.9570446735395189,
        "f1": 0.940084388185654
      },
      "U2R": {
        "precision": 0.6956521739130435,
        "recall": 0.8888888888888888,
        "f1": 0.7804878048780488
      }
    },
    "confusion_matrix": [
      [
        8000,
        5,
        3,
        0,
        0
      ],
      [
        5,
        11491,
        13,
        46,
        3
      ],
      [
        1,
        3,
        2108,
        0,
        0
      ],
      [
        0,
        21,
        0,
        557,
        4
      ],
      [
        0,
        2,
        0,
        0,
        16
      ]
    ],
    "confusion_matrix_labels": [
      "DoS",
      "Normal",
      "Probe",
      "R2L",
      "U2R"
    ]
  }
}