{
  "random_forest": {
    "accuracy": 0.9040848321212385,
    "per_class": {
      "Analysis": {
        "precision": 0.8292682926829268,
        "recall": 0.5,
        "f1": 0.6238532110091743
      },
      "Backdoors": {
        "precision": 0.6052631578947368,
        "recall": 0.27794561933534745,
        "f1": 0.38095238095238093
      },
      "DoS": {
        "precision": 0.7467411545623837,
        "recall": 0.7784728213977566,
        "f1": 0.7622769035801035
      },
      "Exploits": {
        "precision": 0.6241766757070902,
        "recall": 0.8136363636363636,
        "f1": 0.7064240298180223
      },
      "Fuzzers": {
        "precision": 0.3194444444444444,
        "recall": 0.39655172413793105,
        "f1": 0.35384615384615387
      },
      "Generic": {
        "precision": 0.8568935427574171,
        "recall": 0.728486646884273,
        "f1": 0.7874899759422614
      },
      "Normal": {
        "precision": 0.9882154882154882,
        "recall": 0.9739851851851852,
        "f1": 0.9810487360849972
      },
      "Reconnaissance": {
        "precision": 0.6739130434782609,
        "recall": 0.5667590027700831,
        "f1": 0.6157086969605778
      },
      "Shellcode": {
        "precision": 0.3805970149253731,
        "recall": 0.18411552346570398,
        "f1": 0.24817518248175183
      },
      "Worms": {
        "precision": 0.48,
        "recall": 0.3333333333333333,
        "f1": 0.39344262295081966
      }
    },
    "confusion_matrix": [
      [
        34,
        2,
        18,
        9,
        0,
        0,
        3,
        2,
        0,
        0
      ],
      [
        2,
        184,
        284,
        124,
        4,
        14,
        9,
        27,
        13,
        1
      ],
      [
        3,
        57,
        3609,
        594,
        17,
        25,
        101,
        214,
        10,
        6
      ],
      [
        0,
        23,
        315,
        3222,
        3,
        29,
        176,
        150,
        40,
        2
      ],
      [
        0,
        1,
        30,
        0,
        23,
        0,
        4,
        0,
        0,
        0
      ],
      [
        0,
        9,
        63,
        85,
        0,
        491,
        11,
        10,
        3,
        2
      ],
      [
        1,
        7,
        170,
        595,
        24,
        6,
        32872,
        68,
        6,
        1
      ],
      [
        1,
        11,
        284,
        397,
        1,
        4,
        72,
        1023,
        11,
        1
      ],
      [
        0,
        10,
        50,
        130,
        0,
        4,
        13,
        19,
        51,
        0
      ],
      [
        0,
        0,
        10,
        6,
        0,
        0,
        3,
        5,
        0,
        12
      ]
    ],
    "confusion_matrix_labels": [
      "Analysis",
      "Backdoors",
      "DoS",
      "Exploits",
      "Fuzzers",
      "Generic",
      "Normal",
      "Reconnaissance",
      "Shellcode",
      "Worms"
    ]
  },
  "xgboost": {
    "accuracy": 0.8860122806253539,
    "per_class": {
      "Analysis": {
        "precision": 0.34234234234234234,
        "recall": 0.5588235294117647,
        "f1": 0.4245810055865922
      },
      "Backdoors": {
        "precision": 0.3543990086741016,
        "recall": 0.43202416918429004,
        "f1": 0.3893805309734513
      },
      "DoS": {
        "precision": 0.8939008894536213,
        "recall": 0.6069887834339949,
        "f1": 0.7230215827338129
      },
      "Exploits": {
        "precision": 0.6307626023265833,
        "recall": 0.7393939393939394,
        "f1": 0.6807719135084864
      },
      "Fuzzers": {
        "precision": 0.27976190476190477,
        "recall": 0.8103448275862069,
        "f1": 0.415929203539823
      },
      "Generic": {
        "precision": 0.69826435246996,
        "recall": 0.7759643916913946,
        "f1": 0.7350667603654252
      },
      "Normal": {
        "precision": 0.9988978692138134,
        "recall": 0.9667555555555556,
        "f1": 0.9825639172463637
      },
      "Reconnaissance": {
        "precision": 0.484695854320031,
        "recall": 0.6930747922437673,
        "f1": 0.5704514363885089
      },
      "Shellcode": {
        "precision": 0.1644398766700925,
        "recall": 0.5776173285198556,
        "f1": 0.256
      },
      "Worms": {
        "precision": 0.1927710843373494,
        "recall": 0.4444444444444444,
        "f1": 0.2689075630252101
      }
    },
    "confusion_matrix": [
      [
        38,
        0,
        4,
        14,
        0,
        3,
        0,
        6,
        2,
        1
      ],
      [
        5,
        286,
        135,
        87,
        13,
        25,
        0,
        60,
        48,
        3
      ],
      [
        27,
        371,
        2814,
        511,
        53,
        115,
        9,
        521,
        199,
        16
      ],
      [
        18,
        53,
        67,
        2928,
        4,
        65,
        16,
        448,
        332,
        29
      ],
      [
        0,
        8,
        1,
        2,
        47,
        0,
        0,
        0,
        0,
        0
      ],
      [
        3,
        19,
        22,
        51,
        3,
        523,
        2,
        25,
        22,
        4
      ],
      [
        7,
        31,
        47,
        645,
        47,
        12,
        32628,
        222,
        107,
        4
      ],
      [
        11,
        32,
        48,
        340,
        1,
        3,
        9,
        1251,
        100,
        10
      ],
      [
        2,
        6,
        8,
        56,
        0,
        3,
        0,
        42,
        160,
        0
      ],
      [
        0,
        1,
        2,
        8,
        0,
        0,
        0,
        6,
        3,
        16
      ]
    ],
    "confusion_matrix_labels": [
      "Analysis",
      "Backdoors",
      "DoS",
      "Exploits",
      "Fuzzers",
      "Generic",
      "Normal",
      "Reconnaissance",
      "Shellcode",
      "Worms"
    ]
  },
  "mlp": {
    "accuracy": 0.8261115707877891,
    "per_class": {
      "Analysis": {
        "precision": 0.029264214046822744,
        "recall": 0.5147058823529411,
        "f1": 0.055379746835443035
      },
      "Backdoors": {
        "precision": 0.2088888888888889,
        "recall": 0.1419939577039275,
        "f1": 0.16906474820143885
      },
      "DoS": {
        "precision": 0.8495332235035694,
        "recall": 0.33369283865401206,
        "f1": 0.47916989313922875
      },
      "Exploits": {
        "precision": 0.42459664142245634,
        "recall": 0.6512626262626262,
        "f1": 0.5140522224436914
      },
      "Fuzzers": {
        "precision": 0.11222444889779559,
        "recall": 0.9655172413793104,
        "f1": 0.20107719928186715
      },
      "Generic": {
        "precision": 0.3609022556390977,
        "recall": 0.56973293768546,
        "f1": 0.44188722669735325
      },
      "Normal": {
        "precision": 0.9994733744307798,
        "recall": 0.9559703703703704,
        "f1": 0.9772379639866123
      },
      "Reconnaissance": {
        "precision": 0.5099262620533183,
        "recall": 0.49806094182825483,
        "f1": 0.5039237668161435
      },
      "Shellcode": {
        "precision": 0.22945205479452055,
        "recall": 0.24187725631768953,
        "f1": 0.23550087873462214
      },
      "Worms": {
        "precision": 0.030864197530864196,
        "recall": 0.4166666666666667,
        "f1": 0.05747126436781609
      }
    },