{
  "random_forest": {
    "accuracy": 0.9950623933925846,
    "per_class": {
      "DoS": {
        "precision": 0.9996251874062968,
        "recall": 0.9991258741258742,
        "f1": 0.999375468398701
      },
      "Normal": {
        "precision": 0.9937058113467839,
        "recall": 0.997144834746496,
        "f1": 0.9954223527379513
      },
      "Probe": {
        "precision": 0.993862134088763,
        "recall": 0.9966856060606061,
        "f1": 0.9952718676122931
      },
      "R2L": {
        "precision": 0.9688073394495413,
        "recall": 0.9072164948453608,
        "f1": 0.9370008873114463
      },
      "U2R": {
        "precision": 0.6923076923076923,
        "recall": 0.5,
        "f1": 0.5806451612903226
      }
    },
    "confusion_matrix": [
      [
        8001,
        6,
        1,
        0,
        0
      ],
      [
        3,
        11525,
        12,
        16,
        2
      ],
      [
        0,
        7,
        2105,
        0,
        0
      ],
      [
        0,
        52,
        0,
        528,
        2
      ],
      [
        0,
        8,
        0,
        1,
        9
      ]
    ],
    "confusion_matrix_labels": [
      "DoS",
      "Normal",
      "Probe",
      "R2L",
      "U2R"
    ]
  },
  "xgboost": {
    "accuracy": 0.9962294640452465,
    "per_class": {
      "DoS": {
        "precision": 0.9992509363295881,
        "recall": 0.9995004995004995,
        "f1": 0.9993757023348733
      },
      "Normal": {
        "precision": 0.9982640395798976,
        "recall": 0.9950683509257657,
        "f1": 0.9966636336063087
      },
      "Probe": {
        "precision": 0.9943342776203966,
        "recall": 0.9971590909090909,
        "f1": 0.9957446808510638
      },
      "R2L": {
        "precision": 0.9342105263157895,
        "recall": 0.9759450171821306,
        "f1": 0.9546218487394958
      },
      "U2R": {
        "precision": 0.7142857142857143,
        "recall": 0.8333333333333334,
        "f1": 0.7692307692307693
      }
    },
    "confusion_matrix": [
      [
        8004,
        3,
        1,
        0,
        0
      ],
      [
        5,
        11501,
        11,
        39,
        2
      ],
      [
        0,
        5,
        2106,
        1,
        0
      ],
      [
        0,
        10,
        0,
        568,
        4
      ],
      [
        1,
        2,
        0,
        0,
        15
      ]
    ],
    "confusion_matrix_labels": [
      "DoS",
      "Normal",
      "Probe",
      "R2L",
      "U2R"
    ]
  },
  "mlp": {
    "accuracy": 0.9496812999371578,
    "per_class": {
      "DoS": {
        "precision": 0.9900049975012494,
        "recall": 0.9895104895104895,
        "f1": 0.9897576817386959
      },
      "Normal": {
        "precision": 0.9953201048296518,
        "recall": 0.9200553729018861,
        "f1": 0.9562089740131283
      },
      "Probe": {
        "precision": 0.935278030993619,
        "recall": 0.9715909090909091,
        "f1": 0.9530887134231305
      },
      "R2L": {
        "precision": 0.654320987654321,
        "recall": 0.9106529209621993,
        "f1": 0.7614942528735632
      },
      "U2R": {
        "precision": 0.02901023890784983,
        "recall": 0.9444444444444444,
        "f1": 0.056291390728476824
      }
    },
    "confusion_matrix": [
      [
        7924,
        17,
        22,
        27,
        18
      ],
      [
        72,
        10634,
        117,
        248,
        487
      ],
      [
        8,
        14,
        2052,
        5,
        33
      ],
      [
        0,
        19,
        2,
        530,
        31
      ],
      [
        0,
        0,
        1,
        0,
        17
      ]
    ],
    "confusion_matrix_labels": [
      "DoS",
      "Normal",
      "Probe",
      "R2L",
      "U2R"
    ]
  },
  "majority_voting": {
    "accuracy": 0.9951970553909687,
    "per_class": {
      "DoS": {
        "precision": 0.999250842801848,
        "recall": 0.9993756243756243,
        "f1": 0.9993132296934507
      },
      "Normal": {
        "precision": 0.9962747985792255,
        "recall": 0.9949818307665687,
        "f1": 0.9956278948963249
      },
      "Probe": {
        "precision": 0.9924563884959925,
        "recall": 0.9966856060606061,
        "f1": 0.9945665012993149
      },
      "R2L": {
        "precision": 0.9383561643835616,
        "recall": 0.9415807560137457,
        "f1": 0.9399656946826758
      },
      "U2R": {
        "precision": 0.7142857142857143,
        "recall": 0.8333333333333334,
        "f1": 0.7692307692307693
      }
    },
    "confusion_matrix": [
      [
        8003,
        4,
        1,
        0,
        0
      ],
      [
        5,
        11500,
        15,
        36,
        2
      ],
      [
        0,
        7,
        2105,
        0,
        0
      ],
      [
        0,
        30,
        0,
        548,
        4
      ],
      [
        1,
        2,
        0,
        0,
        15
      ]
    ],
    "confusion_matrix_labels": [
      "DoS",
      "Normal",
      "Probe",
      "R2L",
      "U2R"
    ]
  }
}