{
  "dataset": "cicids2017",
  "generated_at_utc": "2026-03-23T04:28:11.380678+00:00",
  "model_path": "models/lstm_cicids2017.h5",
  "scaler_path": "models/scaler_lstm_cicids2017.pkl",
  "test_loss": 0.14076486229896545,
  "test_accuracy": 0.955679178237915,
  "warmup_epochs_ran": 2,
  "weighted_epochs_ran": 4,
  "best_val_accuracy": 0.9557293057441711,
  "best_val_accuracy_warmup": 0.9085354208946228,
  "best_val_accuracy_weighted": 0.9557293057441711,
  "class_weight_mode": "balanced_smoothed",
  "class_weight_alpha": 0.05,
  "max_class_weight": 20.0,
  "batch_size": 8192,
  "epochs_requested": 4,
  "warmup_epochs_requested": 2,
  "patience": 2,
  "per_class": {
    "BENIGN": {
      "precision": 0.979479506739244,
      "recall": 0.972172491756049,
      "f1": 0.9758123204596234
    },
    "Bot": {
      "precision": 0.0,
      "recall": 0.0,
      "f1": 0.0
    },
    "DDoS": {
      "precision": 0.9227109974424552,
      "recall": 0.9393844711763787,
      "f1": 0.9309730859546358
    },
    "DoS GoldenEye": {
      "precision": 0.8107173725151253,
      "recall": 0.6079066753078418,
      "f1": 0.6948148148148148
    },
    "DoS Hulk": {
      "precision": 0.9811944527929243,
      "recall": 0.8814023449552607,
      "f1": 0.9286251244438124
    },
    "DoS Slowhttptest": {
      "precision": 0.6295774647887324,
      "recall": 0.5701530612244898,
      "f1": 0.5983935742971888
    },
    "DoS slowloris": {
      "precision": 0.8477801268498943,
      "recall": 0.4962871287128713,
      "f1": 0.6260733801717409
    },
    "FTP-Patator": {
      "precision": 0.0,
      "recall": 0.0,
      "f1": 0.0
    },
    "Heartbleed": {
      "precision": 0.0,
      "recall": 0.0,
      "f1": 0.0
    },
    "Infiltration": {
      "precision": 0.0,
      "recall": 0.0,
      "f1": 0.0
    },
    "PortScan": {
      "precision": 0.6265025894426759,
      "recall": 0.9679218967921897,
      "f1": 0.7606576290741275
    },
    "SSH-Patator": {
      "precision": 0.0,
      "recall": 0.0,
      "f1": 0.0
    },
    "Web Attack \u2013 Brute Force": {
      "precision": 0.0,
      "recall": 0.0,
      "f1": 0.0
    },
    "Web Attack \u2013 Sql Injection": {
      "precision": 0.0,
      "recall": 0.0,
      "f1": 0.0
    },
    "Web Attack \u2013 XSS": {
      "precision": 0.0,
      "recall": 0.0,
      "f1": 0.0
    }
  },
  "confusion_matrix": [
    [
      305722,
      0,
      1114,
      89,
      124,
      259,
      14,
      0,
      0,
      0,
      7151,
      0,
      0,
      0,
      0
    ],
    [
      211,
      0,
      0,
      0,
      0,
      0,
      0,
      0,
      0,
      0,
      82,
      0,
      0,
      0,
      0
    ],
    [
      859,
      0,
      18039,
      44,
      258,
      1,
      0,
      0,
      0,
      0,
      2,
      0,
      0,
      0,
      0
    ],
    [
      461,
      0,
      93,
      938,
      51,
      0,
      0,
      0,
      0,
      0,
      0,
      0,
      0,
      0,
      0
    ],
    [
      2649,
      0,
      296,
      82,
      22853,
      2,
      29,
      0,
      0,
      0,
      17,
      0,
      0,
      0,
      0
    ],
    [
      307,
      0,
      1,
      0,
      0,
      447,
      29,
      0,
      0,
      0,
      0,
      0,
      0,
      0,
      0
    ],
    [
      385,
      0,
      0,
      0,
      0,
      1,
      401,
      0,
      0,
      0,
      21,
      0,
      0,
      0,
      0
    ],
    [
      308,
      0,
      0,
      0,
      0,
      0,
      0,
      0,
      0,
      0,
      582,
      0,
      0,
      0,
      0
    ],
    [
      1,
      0,
      0,
      0,
      0,
      0,
      0,
      0,
      0,
      0,
      0,
      0,
      0,
      0,
      0
    ],
    [
      4,
      0,
      0,
      0,
      1,
      0,
      0,
      0,
      0,
      0,
      0,
      0,
      0,
      0,
      0
    ],
    [
      422,
      0,
      7,
      4,
      4,
      0,
      0,
      0,
      0,
      0,
      13186,
      0,
      0,
      0,
      0
    ],
    [
      477,
      0,
      0,
      0,
      0,
      0,
      0,
      0,
      0,
      0,
      6,
      0,
      0,
      0,
      0
    ],
    [
      220,
      0,
      0,
      0,
      0,
      0,
      0,
      0,
      0,
      0,
      0,
      0,
      0,
      0,
      0
    ],
    [
      3,
      0,
      0,
      0,
      0,
      0,
      0,
      0,
      0,
      0,
      0,
      0,
      0,
      0,
      0
    ],
    [
      98,
      0,
      0,
      0,
      0,
      0,
      0,
      0,
      0,
      0,
      0,
      0,
      0,
      0,
      0
    ]
  ],
  "confusion_matrix_labels": [
    "BENIGN",
    "Bot",
    "DDoS",
    "DoS GoldenEye",
    "DoS Hulk",
    "DoS Slowhttptest",
    "DoS slowloris",
    "FTP-Patator",
    "Heartbleed",
    "Infiltration",
    "PortScan",
    "SSH-Patator",
    "Web Attack \u2013 Brute Force",
    "Web Attack \u2013 Sql Injection",
    "Web Attack \u2013 XSS"
  ]
}