{
  "random_forest": {
    "accuracy": 0.994568632731843,
    "per_class": {
      "DoS": {
        "precision": 0.9991256557581814,
        "recall": 0.9988761238761239,
        "f1": 0.9990008742350444
      },
      "Normal": {
        "precision": 0.9937014667817083,
        "recall": 0.9964526734729192,
        "f1": 0.9950751684810782
      },
      "Probe": {
        "precision": 0.9938505203405865,
        "recall": 0.9947916666666666,
        "f1": 0.9943208707998107
      },
      "R2L": {
        "precision": 0.9568345323741008,
        "recall": 0.9140893470790378,
        "f1": 0.9349736379613357
      },
      "U2R": {
        "precision": 0.6666666666666666,
        "recall": 0.4444444444444444,
        "f1": 0.5333333333333333
      }
    },
    "confusion_matrix": [
      [
        7999,
        6,
        3,
        0,
        0
      ],
      [
        6,
        11517,
        10,
        23,
        2
      ],
      [
        0,
        11,
        2101,
        0,
        0
      ],
      [
        0,
        48,
        0,
        532,
        2
      ],
      [
        1,
        8,
        0,
        1,
        8
      ]
    ],
    "confusion_matrix_labels": [
      "DoS",
      "Normal",
      "Probe",
      "R2L",
      "U2R"
    ]
  },
  "xgboost": {
    "accuracy": 0.994299308735075,
    "per_class": {
      "DoS": {
        "precision": 0.9988761238761239,
        "recall": 0.9988761238761239,
        "f1": 0.9988761238761239
      },
      "Normal": {
        "precision": 0.9975643702157272,
        "recall": 0.9922131856722617,
        "f1": 0.9948815823718227
      },
      "Probe": {
        "precision": 0.9915254237288136,
        "recall": 0.9971590909090909,
        "f1": 0.9943342776203966
      },
      "R2L": {
        "precision": 0.8964968152866242,
        "recall": 0.9673539518900344,
        "f1": 0.9305785123966942
      },
      "U2R": {
        "precision": 0.6818181818181818,
        "recall": 0.8333333333333334,
        "f1": 0.75
      }
    },
    "confusion_matrix": [
      [
        7999,
        5,
        4,
        0,
        0
      ],
      [
        9,
        11468,
        14,
        65,
        2
      ],
      [
        0,
        6,
        2106,
        0,
        0
      ],
      [
        0,
        14,
        0,
        563,
        5
      ],
      [
        0,
        3,
        0,
        0,
        15
      ]
    ],
    "confusion_matrix_labels": [
      "DoS",
      "Normal",
      "Probe",
      "R2L",
      "U2R"
    ]
  },
  "mlp": {
    "accuracy": 0.9260705628871533,
    "per_class": {
      "DoS": {
        "precision": 0.9745381927109336,
        "recall": 0.975024975024975,
        "f1": 0.9747815230961299
      },
      "Normal": {
        "precision": 0.9846005774783445,
        "recall": 0.8851012285862606,
        "f1": 0.9322033898305084
      },
      "Probe": {
        "precision": 0.8863930885529158,
        "recall": 0.9715909090909091,
        "f1": 0.927038626609442
      },
      "R2L": {
        "precision": 0.46221441124780316,
        "recall": 0.9037800687285223,
        "f1": 0.6116279069767442
      },
      "U2R": {
        "precision": 0.03546099290780142,
        "recall": 0.8333333333333334,
        "f1": 0.06802721088435375
      }
    },
    "confusion_matrix": [
      [
        7808,
        108,
        29,
        35,
        28
      ],
      [
        174,
        10230,
        228,
        574,
        352
      ],
      [
        28,
        25,
        2052,
        3,
        4
      ],
      [
        0,
        26,
        6,
        526,
        24
      ],
      [
        2,
        1,
        0,
        0,
        15
      ]
    ],
    "confusion_matrix_labels": [
      "DoS",
      "Normal",
      "Probe",
      "R2L",
      "U2R"
    ]
  },
  "majority_voting": {
    "accuracy": 0.9938953227399228,
    "per_class": {
      "DoS": {
        "precision": 0.9985022466300549,
        "recall": 0.999000999000999,
        "f1": 0.9987515605493134
      },
      "Normal": {
        "precision": 0.9960083304408192,
        "recall": 0.9930783872642326,
        "f1": 0.9945412009357941
      },
      "Probe": {
        "precision": 0.9901083372585964,
        "recall": 0.9952651515151515,
        "f1": 0.9926800472255017
      },
      "R2L": {
        "precision": 0.915,
        "recall": 0.9432989690721649,
        "f1": 0.9289340101522843
      },
      "U2R": {
        "precision": 0.6842105263157895,
        "recall": 0.7222222222222222,
        "f1": 0.7027027027027027
      }
    },
    "confusion_matrix": [
      [
        8000,
        4,
        4,
        0,
        0
      ],
      [
        10,
        11478,
        17,
        51,
        2
      ],
      [
        0,
        10,
        2102,
        0,
        0
      ],
      [
        0,
        29,
        0,
        549,
        4
      ],
      [
        2,
        3,
        0,
        0,
        13
      ]
    ],
    "confusion_matrix_labels": [
      "DoS",
      "Normal",
      "Probe",
      "R2L",
      "U2R"
    ]
  }
}