{
  "random_forest": {
    "accuracy": 0.9027130601402256,
    "per_class": {
      "Analysis": {
        "precision": 0.9142857142857143,
        "recall": 0.47058823529411764,
        "f1": 0.6213592233009708
      },
      "Backdoors": {
        "precision": 0.6292134831460674,
        "recall": 0.2537764350453172,
        "f1": 0.36167922497308935
      },
      "DoS": {
        "precision": 0.7453237410071942,
        "recall": 0.7821397756686799,
        "f1": 0.76328807493948
      },
      "Exploits": {
        "precision": 0.615965898081767,
        "recall": 0.8027777777777778,
        "f1": 0.6970726893980923
      },
      "Fuzzers": {
        "precision": 0.32,
        "recall": 0.27586206896551724,
        "f1": 0.2962962962962963
      },
      "Generic": {
        "precision": 0.843585237258348,
        "recall": 0.712166172106825,
        "f1": 0.7723250201126307
      },
      "Normal": {
        "precision": 0.9867666916729182,
        "recall": 0.9743407407407407,
        "f1": 0.980514349608647
      },
      "Reconnaissance": {
        "precision": 0.6728232189973615,
        "recall": 0.5650969529085873,
        "f1": 0.6142728093947606
      },
      "Shellcode": {
        "precision": 0.38181818181818183,
        "recall": 0.15162454873646208,
        "f1": 0.21705426356589147
      },
      "Worms": {
        "precision": 0.39285714285714285,
        "recall": 0.3055555555555556,
        "f1": 0.34375
      }
    },
    "confusion_matrix": [
      [
        32,
        2,
        15,
        12,
        0,
        1,
        2,
        4,
        0,
        0
      ],
      [
        0,
        168,
        299,
        124,
        1,
        16,
        15,
        31,
        7,
        1
      ],
      [
        2,
        43,
        3626,
        605,
        12,
        22,
        94,
        216,
        8,
        8
      ],
      [
        0,
        21,
        315,
        3179,
        2,
        38,
        223,
        138,
        40,
        4
      ],
      [
        0,
        2,
        30,
        0,
        16,
        0,
        10,
        0,
        0,
        0
      ],
      [
        0,
        7,
        81,
        84,
        0,
        480,
        6,
        13,
        1,
        2
      ],
      [
        1,
        6,
        157,
        600,
        18,
        6,
        32884,
        71,
        6,
        1
      ],
      [
        0,
        11,
        288,
        400,
        1,
        2,
        76,
        1020,
        6,
        1
      ],
      [
        0,
        6,
        46,
        149,
        0,
        4,
        12,
        18,
        42,
        0
      ],
      [
        0,
        1,
        8,
        8,
        0,
        0,
        3,
        5,
        0,
        11
      ]
    ],
    "confusion_matrix_labels": [
      "Analysis",
      "Backdoors",
      "DoS",
      "Exploits",
      "Fuzzers",
      "Generic",
      "Normal",
      "Reconnaissance",
      "Shellcode",
      "Worms"
    ]
  },
  "xgboost": {
    "accuracy": 0.882288899534033,
    "per_class": {
      "Analysis": {
        "precision": 0.22033898305084745,
        "recall": 0.5735294117647058,
        "f1": 0.3183673469387755
      },
      "Backdoors": {
        "precision": 0.3441247002398082,
        "recall": 0.4335347432024169,
        "f1": 0.3836898395721925
      },
      "DoS": {
        "precision": 0.8904382470119522,
        "recall": 0.5785159620362381,
        "f1": 0.7013598326359832
      },
      "Exploits": {
        "precision": 0.6227301858577227,
        "recall": 0.7361111111111112,
        "f1": 0.674690429348455
      },
      "Fuzzers": {
        "precision": 0.25,
        "recall": 0.8103448275862069,
        "f1": 0.3821138211382114
      },
      "Generic": {
        "precision": 0.6379525593008739,
        "recall": 0.7581602373887241,
        "f1": 0.6928813559322033
      },
      "Normal": {
        "precision": 0.9990196679125054,
        "recall": 0.9662222222222222,
        "f1": 0.9823472707555128
      },
      "Reconnaissance": {
        "precision": 0.48128342245989303,
        "recall": 0.6980609418282548,
        "f1": 0.5697490391137238
      },
      "Shellcode": {
        "precision": 0.1828978622327791,
        "recall": 0.555956678700361,
        "f1": 0.2752457551385165
      },
      "Worms": {
        "precision": 0.11450381679389313,
        "recall": 0.4166666666666667,
        "f1": 0.17964071856287425
      }
    },
    "confusion_matrix": [
      [
        39,
        0,
        3,
        13,
        1,
        5,
        0,
        7,
        0,
        0
      ],
      [
        8,
        287,
        124,
        89,
        15,
        30,
        0,
        55,
        50,
        4
      ],
      [
        44,
        394,
        2682,
        499,
        68,
        162,
        7,
        602,
        150,
        28
      ],
      [
        35,
        73,
        70,
        2915,
        3,
        70,
        16,
        419,
        316,
        43
      ],
      [
        0,
        7,
        4,
        0,
        47,
        0,
        0,
        0,
        0,
        0
      ],
      [
        6,
        24,
        26,
        56,
        2,
        511,
        1,
        29,
        16,
        3
      ],
      [
        17,
        27,
        45,
        696,
        51,
        17,
        32610,
        188,
        82,
        17
      ],
      [
        21,
        18,
        48,
        352,
        1,
        5,
        8,
        1260,
        73,
        19
      ],
      [
        7,
        4,
        7,
        52,
        0,
        1,
        0,
        50,
        154,
        2
      ],
      [
        0,
        0,
        3,
        9,
        0,
        0,
        0,
        8,
        1,
        15
      ]
    ],
    "confusion_matrix_labels": [
      "Analysis",
      "Backdoors",
      "DoS",
      "Exploits",
      "Fuzzers",
      "Generic",
      "Normal",
      "Reconnaissance",
      "Shellcode",
      "Worms"
    ]
  },
  "mlp": {
    "accuracy": 0.8238035099943387,
    "per_class": {
      "Analysis": {
        "precision": 0.13709677419354838,
        "recall": 0.5,
        "f1": 0.21518987341772153
      },
      "Backdoors": {
        "precision": 0.232,
        "recall": 0.17522658610271905,
        "f1": 0.19965576592082615
      },
      "DoS": {
        "precision": 0.8235059760956175,
        "recall": 0.44585849870578087,
        "f1": 0.5785054575986566
      },
      "Exploits": {
        "precision": 0.6863207547169812,
        "recall": 0.29393939393939394,
        "f1": 0.4115983026874116
      },
      "Fuzzers": {
        "precision": 0.14285714285714285,
        "recall": 0.9655172413793104,
        "f1": 0.24888888888888888
      },
      "Generic": {
        "precision": 0.4423320659062104,
        "recall": 0.5178041543026706,
        "f1": 0.47710184552289814
      },
      "Normal": {
        "precision": 0.9997520686769765,
        "recall": 0.9558222222222222,
        "f1": 0.9772937273732524
      },
      "Reconnaissance": {
        "precision": 0.28458705944239876,
        "recall": 0.8991689750692521,
        "f1": 0.4323388385721897
      },
      "Shellcode": {
        "precision": 0.11285500747384156,
        "recall": 0.5451263537906137,
        "f1": 0.1869969040247678
      },
      "Worms": {
        "precision": 0.031055900621118012,
        "recall": 0.4166666666666667,
        "f1": 0.057803468208092484
      }
    },