{
  "random_forest": {
    "accuracy": 0.9002525802377738,
    "per_class": {
      "Analysis": {
        "precision": 0.8421052631578947,
        "recall": 0.47058823529411764,
        "f1": 0.6037735849056604
      },
      "Backdoors": {
        "precision": 0.5529411764705883,
        "recall": 0.21299093655589124,
        "f1": 0.3075245365321701
      },
      "DoS": {
        "precision": 0.7187561503641016,
        "recall": 0.7877480586712683,
        "f1": 0.7516723268498507
      },
      "Exploits": {
        "precision": 0.6153695737192022,
        "recall": 0.7946969696969697,
        "f1": 0.6936301520828742
      },
      "Fuzzers": {
        "precision": 0.36538461538461536,
        "recall": 0.3275862068965517,
        "f1": 0.34545454545454546
      },
      "Generic": {
        "precision": 0.8401486988847584,
        "recall": 0.6706231454005934,
        "f1": 0.7458745874587459
      },
      "Normal": {
        "precision": 0.9889246696963313,
        "recall": 0.9736,
        "f1": 0.9812025023515535
      },
      "Reconnaissance": {
        "precision": 0.6711772665764547,
        "recall": 0.5495844875346261,
        "f1": 0.604325312214438
      },
      "Shellcode": {
        "precision": 0.32231404958677684,
        "recall": 0.1407942238267148,
        "f1": 0.19597989949748743
      },
      "Worms": {
        "precision": 0.5454545454545454,
        "recall": 0.3333333333333333,
        "f1": 0.41379310344827586
      }
    },
    "confusion_matrix": [
      [
        32,
        1,
        16,
        16,
        0,
        0,
        2,
        1,
        0,
        0
      ],
      [
        0,
        141,
        330,
        116,
        1,
        13,
        12,
        35,
        14,
        0
      ],
      [
        3,
        53,
        3652,
        608,
        12,
        25,
        81,
        192,
        6,
        4
      ],
      [
        1,
        22,
        376,
        3147,
        1,
        32,
        178,
        159,
        42,
        2
      ],
      [
        0,
        3,
        26,
        0,
        19,
        0,
        10,
        0,
        0,
        0
      ],
      [
        0,
        9,
        97,
        92,
        1,
        452,
        5,
        13,
        3,
        2
      ],
      [
        1,
        9,
        206,
        576,
        17,
        7,
        32859,
        67,
        7,
        1
      ],
      [
        1,
        6,
        311,
        409,
        1,
        3,
        71,
        992,
        10,
        1
      ],
      [
        0,
        11,
        56,
        142,
        0,
        6,
        8,
        15,
        39,
        0
      ],
      [
        0,
        0,
        11,
        8,
        0,
        0,
        1,
        4,
        0,
        12
      ]
    ],
    "confusion_matrix_labels": [
      "Analysis",
      "Backdoors",
      "DoS",
      "Exploits",
      "Fuzzers",
      "Generic",
      "Normal",
      "Reconnaissance",
      "Shellcode",
      "Worms"
    ]
  },
  "xgboost": {
    "accuracy": 0.8768018116099813,
    "per_class": {
      "Analysis": {
        "precision": 0.2147239263803681,
        "recall": 0.5147058823529411,
        "f1": 0.30303030303030304
      },
      "Backdoors": {
        "precision": 0.3352941176470588,
        "recall": 0.43051359516616317,
        "f1": 0.376984126984127
      },
      "DoS": {
        "precision": 0.8943710910354413,
        "recall": 0.5552200172562554,
        "f1": 0.6851211072664359
      },
      "Exploits": {
        "precision": 0.6192680776014109,
        "recall": 0.7093434343434344,
        "f1": 0.6612523540489642
      },
      "Fuzzers": {
        "precision": 0.26455026455026454,
        "recall": 0.8620689655172413,
        "f1": 0.4048582995951417
      },
      "Generic": {
        "precision": 0.6517857142857143,
        "recall": 0.7581602373887241,
        "f1": 0.700960219478738
      },
      "Normal": {
        "precision": 0.9995088710172509,
        "recall": 0.9648,
        "f1": 0.9818477867567241
      },
      "Reconnaissance": {
        "precision": 0.47635135135135137,
        "recall": 0.7030470914127424,
        "f1": 0.5679122846274335
      },
      "Shellcode": {
        "precision": 0.1429872495446266,
        "recall": 0.5667870036101083,
        "f1": 0.22836363636363635
      },
      "Worms": {
        "precision": 0.08602150537634409,
        "recall": 0.4444444444444444,
        "f1": 0.14414414414414414
      }
    },
    "confusion_matrix": [
      [
        35,
        2,
        2,
        11,
        1,
        5,
        0,
        9,
        2,
        1
      ],
      [
        8,
        285,
        114,
        80,
        15,
        29,
        0,
        63,
        64,
        4
      ],
      [
        43,
        440,
        2574,
        518,
        63,
        158,
        4,
        588,
        198,
        50
      ],
      [
        35,
        54,
        70,
        2809,
        3,
        67,
        7,
        426,
        428,
        61
      ],
      [
        0,
        7,
        0,
        0,
        50,
        0,
        0,
        1,
        0,
        0
      ],
      [
        4,
        22,
        25,
        52,
        2,
        511,
        1,
        32,
        21,
        4
      ],
      [
        16,
        23,
        47,
        688,
        54,
        11,
        32562,
        214,
        112,
        23
      ],
      [
        20,
        13,
        37,
        320,
        1,
        1,
        4,
        1269,
        114,
        26
      ],
      [
        1,
        3,
        8,
        50,
        0,
        2,
        0,
        55,
        157,
        1
      ],
      [
        1,
        1,
        1,
        8,
        0,
        0,
        0,
        7,
        2,
        16
      ]
    ],
    "confusion_matrix_labels": [
      "Analysis",
      "Backdoors",
      "DoS",
      "Exploits",
      "Fuzzers",
      "Generic",
      "Normal",
      "Reconnaissance",
      "Shellcode",
      "Worms"
    ]
  },
  "mlp": {
    "accuracy": 0.8128075599878065,
    "per_class": {
      "Analysis": {
        "precision": 0.04871447902571042,
        "recall": 0.5294117647058824,
        "f1": 0.08921933085501858
      },
      "Backdoors": {
        "precision": 0.16573556797020483,
        "recall": 0.13444108761329304,
        "f1": 0.14845704753961636
      },
      "DoS": {
        "precision": 0.7911301859799714,
        "recall": 0.35785159620362383,
        "f1": 0.49279667310262887
      },
      "Exploits": {
        "precision": 0.4943820224719101,
        "recall": 0.28888888888888886,
        "f1": 0.36467963021995536
      },
      "Fuzzers": {
        "precision": 0.1385390428211587,
        "recall": 0.9482758620689655,
        "f1": 0.24175824175824176
      },
      "Generic": {
        "precision": 0.32784184514003295,
        "recall": 0.5905044510385756,
        "f1": 0.4216101694915254
      },
      "Normal": {
        "precision": 0.9998139534883721,
        "recall": 0.9553777777777778,
        "f1": 0.9770909090909091
      },
      "Reconnaissance": {
        "precision": 0.298904833836858,
        "recall": 0.8770083102493075,
        "f1": 0.44585269680326717
      },
      "Shellcode": {
        "precision": 0.15680473372781065,
        "recall": 0.38267148014440433,
        "f1": 0.22245540398740818
      },
      "Worms": {
        "precision": 0.03694581280788178,
        "recall": 0.4166666666666667,
        "f1": 0.06787330316742081
      }
    },