{
  "random_forest": {
    "accuracy": 0.9043678961808126,
    "per_class": {
      "Analysis": {
        "precision": 0.8461538461538461,
        "recall": 0.4852941176470588,
        "f1": 0.616822429906542
      },
      "Backdoors": {
        "precision": 0.6024096385542169,
        "recall": 0.3021148036253776,
        "f1": 0.4024144869215292
      },
      "DoS": {
        "precision": 0.7577782418041344,
        "recall": 0.7827868852459017,
        "f1": 0.770079575596817
      },
      "Exploits": {
        "precision": 0.6214160327677004,
        "recall": 0.8045454545454546,
        "f1": 0.70122152525586
      },
      "Fuzzers": {
        "precision": 0.35185185185185186,
        "recall": 0.3275862068965517,
        "f1": 0.3392857142857143
      },
      "Generic": {
        "precision": 0.8519793459552496,
        "recall": 0.7344213649851632,
        "f1": 0.7888446215139442
      },
      "Normal": {
        "precision": 0.9869732260775603,
        "recall": 0.9742814814814815,
        "f1": 0.9805862881340769
      },
      "Reconnaissance": {
        "precision": 0.6751633986928105,
        "recall": 0.5722991689750693,
        "f1": 0.6194902548725637
      },
      "Shellcode": {
        "precision": 0.32592592592592595,
        "recall": 0.1588447653429603,
        "f1": 0.21359223300970873
      },
      "Worms": {
        "precision": 0.5652173913043478,
        "recall": 0.3611111111111111,
        "f1": 0.4406779661016949
      }
    },
    "confusion_matrix": [
      [
        33,
        1,
        14,
        13,
        0,
        2,
        2,
        3,
        0,
        0
      ],
      [
        1,
        200,
        269,
        122,
        3,
        14,
        8,
        28,
        16,
        1
      ],
      [
        3,
        61,
        3629,
        577,
        11,
        21,
        101,
        215,
        13,
        5
      ],
      [
        0,
        22,
        311,
        3186,
        1,
        32,
        218,
        144,
        45,
        1
      ],
      [
        0,
        3,
        28,
        0,
        19,
        0,
        8,
        0,
        0,
        0
      ],
      [
        0,
        8,
        64,
        86,
        1,
        495,
        6,
        9,
        3,
        2
      ],
      [
        1,
        12,
        158,
        590,
        18,
        7,
        32882,
        73,
        8,
        1
      ],
      [
        1,
        13,
        265,
        407,
        1,
        3,
        76,
        1033,
        6,
        0
      ],
      [
        0,
        12,
        44,
        137,
        0,
        7,
        13,
        20,
        44,
        0
      ],
      [
        0,
        0,
        7,
        9,
        0,
        0,
        2,
        5,
        0,
        13
      ]
    ],
    "confusion_matrix_labels": [
      "Analysis",
      "Backdoors",
      "DoS",
      "Exploits",
      "Fuzzers",
      "Generic",
      "Normal",
      "Reconnaissance",
      "Shellcode",
      "Worms"
    ]
  },
  "xgboost": {
    "accuracy": 0.8848147019117711,
    "per_class": {
      "Analysis": {
        "precision": 0.36792452830188677,
        "recall": 0.5735294117647058,
        "f1": 0.4482758620689655
      },
      "Backdoors": {
        "precision": 0.35125448028673834,
        "recall": 0.44410876132930516,
        "f1": 0.3922615076717812
      },
      "DoS": {
        "precision": 0.8967286722257858,
        "recall": 0.6031061259706644,
        "f1": 0.7211761671395409
      },
      "Exploits": {
        "precision": 0.6250806625080663,
        "recall": 0.7338383838383838,
        "f1": 0.6751074456963643
      },
      "Fuzzers": {
        "precision": 0.28205128205128205,
        "recall": 0.7586206896551724,
        "f1": 0.411214953271028
      },
      "Generic": {
        "precision": 0.6970091027308193,
        "recall": 0.7952522255192879,
        "f1": 0.7428967428967429
      },
      "Normal": {
        "precision": 0.9992944568851805,
        "recall": 0.9652148148148149,
        "f1": 0.9819590348008259
      },
      "Reconnaissance": {
        "precision": 0.48027057497181513,
        "recall": 0.7080332409972299,
        "f1": 0.5723242274966412
      },
      "Shellcode": {
        "precision": 0.16503800217155265,
        "recall": 0.5487364620938628,
        "f1": 0.25375626043405675
      },
      "Worms": {
        "precision": 0.13636363636363635,
        "recall": 0.4166666666666667,
        "f1": 0.2054794520547945
      }
    },
    "confusion_matrix": [
      [
        39,
        0,
        5,
        12,
        0,
        2,
        0,
        8,
        2,
        0
      ],
      [
        5,
        294,
        132,
        83,
        12,
        23,
        0,
        60,
        49,
        4
      ],
      [
        23,
        394,
        2796,
        498,
        48,
        112,
        6,
        542,
        192,
        25
      ],
      [
        17,
        69,
        66,
        2906,
        4,
        66,
        7,
        472,
        314,
        39
      ],
      [
        0,
        9,
        5,
        0,
        44,
        0,
        0,
        0,
        0,
        0
      ],
      [
        2,
        12,
        19,
        51,
        3,
        536,
        2,
        23,
        23,
        3
      ],
      [
        8,
        33,
        45,
        703,
        44,
        17,
        32576,
        222,
        94,
        8
      ],
      [
        10,
        21,
        43,
        330,
        1,
        7,
        8,
        1278,
        93,
        14
      ],
      [
        2,
        4,
        4,
        60,
        0,
        6,
        0,
        47,
        152,
        2
      ],
      [
        0,
        1,
        3,
        6,
        0,
        0,
        0,
        9,
        2,
        15
      ]
    ],
    "confusion_matrix_labels": [
      "Analysis",
      "Backdoors",
      "DoS",
      "Exploits",
      "Fuzzers",
      "Generic",
      "Normal",
      "Reconnaissance",
      "Shellcode",
      "Worms"
    ]
  },
  "mlp": {
    "accuracy": 0.8318164002961286,
    "per_class": {
      "Analysis": {
        "precision": 0.07647058823529412,
        "recall": 0.5735294117647058,
        "f1": 0.13494809688581316
      },
      "Backdoors": {
        "precision": 0.15758980301274622,
        "recall": 0.2054380664652568,
        "f1": 0.17836065573770493
      },
      "DoS": {
        "precision": 0.8538647342995169,
        "recall": 0.4575064710957722,
        "f1": 0.5957865168539326
      },
      "Exploits": {
        "precision": 0.5172413793103449,
        "recall": 0.4166666666666667,
        "f1": 0.46153846153846156
      },
      "Fuzzers": {
        "precision": 0.17363344051446947,
        "recall": 0.9310344827586207,
        "f1": 0.2926829268292683
      },
      "Generic": {
        "precision": 0.42332613390928725,
        "recall": 0.5816023738872403,
        "f1": 0.49
      },
      "Normal": {
        "precision": 0.9991649398447406,
        "recall": 0.9572148148148149,
        "f1": 0.9777401147042356
      },
      "Reconnaissance": {
        "precision": 0.3720865704772475,
        "recall": 0.7429362880886426,
        "f1": 0.49584026622296173
      },
      "Shellcode": {
        "precision": 0.11384615384615385,
        "recall": 0.5342960288808665,
        "f1": 0.1876981610653139
      },
      "Worms": {
        "precision": 0.037037037037037035,
        "recall": 0.4166666666666667,
        "f1": 0.06802721088435375
      }
    },