{
  "random_forest": {
    "accuracy": 0.9044332186560989,
    "per_class": {
      "Analysis": {
        "precision": 0.7872340425531915,
        "recall": 0.5441176470588235,
        "f1": 0.6434782608695652
      },
      "Backdoors": {
        "precision": 0.5821325648414986,
        "recall": 0.30513595166163143,
        "f1": 0.400396432111001
      },
      "DoS": {
        "precision": 0.7571458376799499,
        "recall": 0.7827868852459017,
        "f1": 0.7697528900201506
      },
      "Exploits": {
        "precision": 0.6244792699861139,
        "recall": 0.794949494949495,
        "f1": 0.6994778357960226
      },
      "Fuzzers": {
        "precision": 0.40350877192982454,
        "recall": 0.39655172413793105,
        "f1": 0.4
      },
      "Generic": {
        "precision": 0.8561525129982669,
        "recall": 0.7329376854599406,
        "f1": 0.7897681854516387
      },
      "Normal": {
        "precision": 0.9869783071799334,
        "recall": 0.9746666666666667,
        "f1": 0.980783851876146
      },
      "Reconnaissance": {
        "precision": 0.6645689112649465,
        "recall": 0.5850415512465375,
        "f1": 0.6222746022392457
      },
      "Shellcode": {
        "precision": 0.3359375,
        "recall": 0.1552346570397112,
        "f1": 0.2123456790123457
      },
      "Worms": {
        "precision": 0.5555555555555556,
        "recall": 0.2777777777777778,
        "f1": 0.37037037037037035
      }
    },
    "confusion_matrix": [
      [
        37,
        2,
        12,
        13,
        0,
        0,
        2,
        2,
        0,
        0
      ],
      [
        3,
        202,
        267,
        117,
        6,
        14,
        8,
        31,
        13,
        1
      ],
      [
        3,
        68,
        3629,
        571,
        11,
        22,
        95,
        224,
        9,
        4
      ],
      [
        0,
        31,
        321,
        3148,
        1,
        34,
        219,
        160,
        45,
        1
      ],
      [
        0,
        2,
        24,
        0,
        23,
        0,
        9,
        0,
        0,
        0
      ],
      [
        1,
        8,
        64,
        81,
        1,
        494,
        9,
        12,
        3,
        1
      ],
      [
        2,
        12,
        160,
        576,
        14,
        7,
        32895,
        76,
        7,
        1
      ],
      [
        1,
        13,
        259,
        389,
        1,
        1,
        77,
        1056,
        8,
        0
      ],
      [
        0,
        9,
        47,
        139,
        0,
        5,
        12,
        22,
        43,
        0
      ],
      [
        0,
        0,
        10,
        7,
        0,
        0,
        3,
        6,
        0,
        10
      ]
    ],
    "confusion_matrix_labels": [
      "Analysis",
      "Backdoors",
      "DoS",
      "Exploits",
      "Fuzzers",
      "Generic",
      "Normal",
      "Reconnaissance",
      "Shellcode",
      "Worms"
    ]
  },
  "xgboost": {
    "accuracy": 0.9090493402429997,
    "per_class": {
      "Analysis": {
        "precision": 0.7560975609756098,
        "recall": 0.45588235294117646,
        "f1": 0.5688073394495413
      },
      "Backdoors": {
        "precision": 0.6268656716417911,
        "recall": 0.2537764350453172,
        "f1": 0.36129032258064514
      },
      "DoS": {
        "precision": 0.7893440788000895,
        "recall": 0.7605694564279551,
        "f1": 0.7746896627485444
      },
      "Exploits": {
        "precision": 0.5988881401617251,
        "recall": 0.8977272727272727,
        "f1": 0.7184721099434115
      },
      "Fuzzers": {
        "precision": 0.27631578947368424,
        "recall": 0.3620689655172414,
        "f1": 0.31343283582089554
      },
      "Generic": {
        "precision": 0.8365217391304348,
        "recall": 0.7136498516320475,
        "f1": 0.7702161729383507
      },
      "Normal": {
        "precision": 0.9910883636911034,
        "recall": 0.9753777777777778,
        "f1": 0.9831703128499962
      },
      "Reconnaissance": {
        "precision": 0.8167625308134757,
        "recall": 0.5506925207756233,
        "f1": 0.6578424884182661
      },
      "Shellcode": {
        "precision": 0.4247787610619469,
        "recall": 0.17328519855595667,
        "f1": 0.24615384615384617
      },
      "Worms": {
        "precision": 0.3333333333333333,
        "recall": 0.16666666666666666,
        "f1": 0.2222222222222222
      }
    },
    "confusion_matrix": [
      [
        31,
        1,
        15,
        16,
        0,
        1,
        3,
        1,
        0,
        0
      ],
      [
        1,
        168,
        279,
        155,
        10,
        17,
        9,
        12,
        11,
        0
      ],
      [
        3,
        69,
        3526,
        761,
        23,
        39,
        76,
        126,
        8,
        5
      ],
      [
        0,
        6,
        172,
        3555,
        2,
        31,
        124,
        32,
        33,
        5
      ],
      [
        0,
        4,
        25,
        1,
        21,
        0,
        7,
        0,
        0,
        0
      ],
      [
        3,
        8,
        79,
        91,
        0,
        481,
        3,
        7,
        1,
        1
      ],
      [
        1,
        3,
        110,
        656,
        19,
        5,
        32919,
        29,
        7,
        1
      ],
      [
        1,
        6,
        214,
        516,
        1,
        0,
        68,
        994,
        5,
        0
      ],
      [
        1,
        3,
        37,
        169,
        0,
        1,
        4,
        14,
        48,
        0
      ],
      [
        0,
        0,
        10,
        16,
        0,
        0,
        2,
        2,
        0,
        6
      ]
    ],
    "confusion_matrix_labels": [
      "Analysis",
      "Backdoors",
      "DoS",
      "Exploits",
      "Fuzzers",
      "Generic",
      "Normal",
      "Reconnaissance",
      "Shellcode",
      "Worms"
    ]
  },
  "mlp": {
    "accuracy": 0.8916953359752645,
    "per_class": {
      "Analysis": {
        "precision": 0.7083333333333334,
        "recall": 0.25,
        "f1": 0.3695652173913043
      },
      "Backdoors": {
        "precision": 0.5909090909090909,
        "recall": 0.03927492447129909,
        "f1": 0.07365439093484419
      },
      "DoS": {
        "precision": 0.7349923597467802,
        "recall": 0.7262726488352028,
        "f1": 0.7306064880112835
      },
      "Exploits": {
        "precision": 0.5620488140254383,
        "recall": 0.8257575757575758,
        "f1": 0.6688484352628349
      },
      "Fuzzers": {
        "precision": 0.3106796116504854,
        "recall": 0.5517241379310345,
        "f1": 0.39751552795031053
      },
      "Generic": {
        "precision": 0.7311411992263056,
        "recall": 0.5608308605341247,
        "f1": 0.6347607052896725
      },
      "Normal": {
        "precision": 0.9911284706452297,
        "recall": 0.9698962962962963,
        "f1": 0.9803974422331042
      },
      "Reconnaissance": {
        "precision": 0.6363109048723898,
        "recall": 0.6077562326869806,
        "f1": 0.6217058656843298
      },
      "Shellcode": {
        "precision": 0.3522727272727273,
        "recall": 0.11191335740072202,
        "f1": 0.16986301369863013
      },
      "Worms": {
        "precision": 0.0,
        "recall": 0.0,
        "f1": 0.0
      }
    },