{
  "random_forest": {
    "accuracy": 0.995286830056558,
    "per_class": {
      "DoS": {
        "precision": 0.9996251405722854,
        "recall": 0.999000999000999,
        "f1": 0.999312972331522
      },
      "Normal": {
        "precision": 0.9940496723007933,
        "recall": 0.9973178750648901,
        "f1": 0.9956810918199879
      },
      "Probe": {
        "precision": 0.9952673923331756,
        "recall": 0.9957386363636364,
        "f1": 0.9955029585798817
      },
      "R2L": {
        "precision": 0.9674502712477396,
        "recall": 0.9192439862542955,
        "f1": 0.9427312775330396
      },
      "U2R": {
        "precision": 0.6153846153846154,
        "recall": 0.4444444444444444,
        "f1": 0.5161290322580645
      }
    },
    "confusion_matrix": [
      [
        8000,
        6,
        2,
        0,
        0
      ],
      [
        3,
        11527,
        8,
        18,
        2
      ],
      [
        0,
        9,
        2103,
        0,
        0
      ],
      [
        0,
        44,
        0,
        535,
        3
      ],
      [
        0,
        10,
        0,
        0,
        8
      ]
    ],
    "confusion_matrix_labels": [
      "DoS",
      "Normal",
      "Probe",
      "R2L",
      "U2R"
    ]
  },
  "xgboost": {
    "accuracy": 0.996139689379657,
    "per_class": {
      "DoS": {
        "precision": 0.9995005618678986,
        "recall": 0.9996253746253746,
        "f1": 0.9995629643503777
      },
      "Normal": {
        "precision": 0.998696558915537,
        "recall": 0.994376189652189,
        "f1": 0.9965316916673892
      },
      "Probe": {
        "precision": 0.9957487009919698,
        "recall": 0.9981060606060606,
        "f1": 0.9969259872310239
      },
      "R2L": {
        "precision": 0.9192245557350566,
        "recall": 0.9776632302405498,
        "f1": 0.9475437135720233
      },
      "U2R": {
        "precision": 0.68,
        "recall": 0.9444444444444444,
        "f1": 0.7906976744186046
      }
    },
    "confusion_matrix": [
      [
        8005,
        2,
        1,
        0,
        0
      ],
      [
        4,
        11493,
        8,
        49,
        4
      ],
      [
        0,
        3,
        2108,
        1,
        0
      ],
      [
        0,
        9,
        0,
        569,
        4
      ],
      [
        0,
        1,
        0,
        0,
        17
      ]
    ],
    "confusion_matrix_labels": [
      "DoS",
      "Normal",
      "Probe",
      "R2L",
      "U2R"
    ]
  },
  "mlp": {
    "accuracy": 0.9355866774396265,
    "per_class": {
      "DoS": {
        "precision": 0.9863269111249223,
        "recall": 0.9908841158841158,
        "f1": 0.9886002616333396
      },
      "Normal": {
        "precision": 0.9946834219429677,
        "recall": 0.8902924381380862,
        "f1": 0.9395973154362416
      },
      "Probe": {
        "precision": 0.9096945551128818,
        "recall": 0.9730113636363636,
        "f1": 0.9402882635552505
      },
      "R2L": {
        "precision": 0.39927007299270073,
        "recall": 0.9398625429553265,
        "f1": 0.5604508196721312
      },
      "U2R": {
        "precision": 0.06177606177606178,
        "recall": 0.8888888888888888,
        "f1": 0.11552346570397112
      }
    },
    "confusion_matrix": [
      [
        7935,
        19,
        14,
        40,
        0
      ],
      [
        93,
        10290,
        190,
        769,
        216
      ],
      [
        16,
        21,
        2055,
        13,
        7
      ],
      [
        0,
        15,
        0,
        547,
        20
      ],
      [
        1,
        0,
        0,
        1,
        16
      ]
    ],
    "confusion_matrix_labels": [
      "DoS",
      "Normal",
      "Probe",
      "R2L",
      "U2R"
    ]
  },
  "majority_voting": {
    "accuracy": 0.9955112667205315,
    "per_class": {
      "DoS": {
        "precision": 0.9996252810392205,
        "recall": 0.9993756243756243,
        "f1": 0.9995004371175221
      },
      "Normal": {
        "precision": 0.9970511708586297,
        "recall": 0.9946357501297802,
        "f1": 0.9958419958419958
      },
      "Probe": {
        "precision": 0.9943342776203966,
        "recall": 0.9971590909090909,
        "f1": 0.9957446808510638
      },
      "R2L": {
        "precision": 0.9266666666666666,
        "recall": 0.9553264604810997,
        "f1": 0.9407783417935702
      },
      "U2R": {
        "precision": 0.7083333333333334,
        "recall": 0.9444444444444444,
        "f1": 0.8095238095238095
      }
    },
    "confusion_matrix": [
      [
        8003,
        4,
        1,
        0,
        0
      ],
      [
        3,
        11496,
        11,
        44,
        4
      ],
      [
        0,
        6,
        2106,
        0,
        0
      ],
      [
        0,
        23,
        0,
        556,
        3
      ],
      [
        0,
        1,
        0,
        0,
        17
      ]
    ],
    "confusion_matrix_labels": [
      "DoS",
      "Normal",
      "Probe",
      "R2L",
      "U2R"
    ]
  }
}