{
  "random_forest": {
    "accuracy": 0.9043678961808126,
    "per_class": {
      "Analysis": {
        "precision": 0.8461538461538461,
        "recall": 0.4852941176470588,
        "f1": 0.616822429906542
      },
      "Backdoors": {
        "precision": 0.6024096385542169,
        "recall": 0.3021148036253776,
        "f1": 0.4024144869215292
      },
      "DoS": {
        "precision": 0.7577782418041344,
        "recall": 0.7827868852459017,
        "f1": 0.770079575596817
      },
      "Exploits": {
        "precision": 0.6214160327677004,
        "recall": 0.8045454545454546,
        "f1": 0.70122152525586
      },
      "Fuzzers": {
        "precision": 0.35185185185185186,
        "recall": 0.3275862068965517,
        "f1": 0.3392857142857143
      },
      "Generic": {
        "precision": 0.8519793459552496,
        "recall": 0.7344213649851632,
        "f1": 0.7888446215139442
      },
      "Normal": {
        "precision": 0.9869732260775603,
        "recall": 0.9742814814814815,
        "f1": 0.9805862881340769
      },
      "Reconnaissance": {
        "precision": 0.6751633986928105,
        "recall": 0.5722991689750693,
        "f1": 0.6194902548725637
      },
      "Shellcode": {
        "precision": 0.32592592592592595,
        "recall": 0.1588447653429603,
        "f1": 0.21359223300970873
      },
      "Worms": {
        "precision": 0.5652173913043478,
        "recall": 0.3611111111111111,
        "f1": 0.4406779661016949
      }
    },
    "confusion_matrix": [
      [
        33,
        1,
        14,
        13,
        0,
        2,
        2,
        3,
        0,
        0
      ],
      [
        1,
        200,
        269,
        122,
        3,
        14,
        8,
        28,
        16,
        1
      ],
      [
        3,
        61,
        3629,
        577,
        11,
        21,
        101,
        215,
        13,
        5
      ],
      [
        0,
        22,
        311,
        3186,
        1,
        32,
        218,
        144,
        45,
        1
      ],
      [
        0,
        3,
        28,
        0,
        19,
        0,
        8,
        0,
        0,
        0
      ],
      [
        0,
        8,
        64,
        86,
        1,
        495,
        6,
        9,
        3,
        2
      ],
      [
        1,
        12,
        158,
        590,
        18,
        7,
        32882,
        73,
        8,
        1
      ],
      [
        1,
        13,
        265,
        407,
        1,
        3,
        76,
        1033,
        6,
        0
      ],
      [
        0,
        12,
        44,
        137,
        0,
        7,
        13,
        20,
        44,
        0
      ],
      [
        0,
        0,
        7,
        9,
        0,
        0,
        2,
        5,
        0,
        13
      ]
    ],
    "confusion_matrix_labels": [
      "Analysis",
      "Backdoors",
      "DoS",
      "Exploits",
      "Fuzzers",
      "Generic",
      "Normal",
      "Reconnaissance",
      "Shellcode",
      "Worms"
    ]
  },
  "xgboost": {
    "accuracy": 0.8858380873579236,
    "per_class": {
      "Analysis": {
        "precision": 0.35294117647058826,
        "recall": 0.5294117647058824,
        "f1": 0.4235294117647059
      },
      "Backdoors": {
        "precision": 0.36645962732919257,
        "recall": 0.44561933534743203,
        "f1": 0.4021813224267212
      },
      "DoS": {
        "precision": 0.8944020356234097,
        "recall": 0.6065573770491803,
        "f1": 0.722879177377892
      },
      "Exploits": {
        "precision": 0.6289805513998717,
        "recall": 0.7431818181818182,
        "f1": 0.6813288575066558
      },
      "Fuzzers": {
        "precision": 0.2727272727272727,
        "recall": 0.7241379310344828,
        "f1": 0.39622641509433965
      },
      "Generic": {
        "precision": 0.6764331210191082,
        "recall": 0.787833827893175,
        "f1": 0.7278958190541467
      },
      "Normal": {
        "precision": 0.9992335285280682,
        "recall": 0.9656888888888889,
        "f1": 0.9821748760679253
      },
      "Reconnaissance": {
        "precision": 0.4842186297151655,
        "recall": 0.6969529085872577,
        "f1": 0.5714285714285714
      },
      "Shellcode": {
        "precision": 0.17139737991266377,
        "recall": 0.5667870036101083,
        "f1": 0.26320201173512153
      },
      "Worms": {
        "precision": 0.1349206349206349,
        "recall": 0.4722222222222222,
        "f1": 0.20987654320987653
      }
    },
    "confusion_matrix": [
      [
        36,
        2,
        6,
        11,
        0,
        2,
        0,
        7,
        2,
        2
      ],
      [
        5,
        295,
        133,
        84,
        10,
        26,
        0,
        56,
        50,
        3
      ],
      [
        21,
        360,
        2812,
        494,
        49,
        120,
        5,
        561,
        184,
        30
      ],
      [
        15,
        59,
        68,
        2943,
        4,
        70,
        10,
        431,
        320,
        40
      ],
      [
        0,
        10,
        6,
        0,
        42,
        0,
        0,
        0,
        0,
        0
      ],
      [
        3,
        13,
        18,
        58,
        3,
        531,
        2,
        23,
        17,
        6
      ],
      [
        7,
        31,
        48,
        679,
        45,
        23,
        32592,
        214,
        99,
        12
      ],
      [
        11,
        30,
        44,
        346,
        1,
        8,
        8,
        1258,
        85,
        14
      ],
      [
        4,
        5,
        8,
        56,
        0,
        5,
        0,
        40,
        157,
        2
      ],
      [
        0,
        0,
        1,
        8,
        0,
        0,
        0,
        8,
        2,
        17
      ]
    ],
    "confusion_matrix_labels": [
      "Analysis",
      "Backdoors",
      "DoS",
      "Exploits",
      "Fuzzers",
      "Generic",
      "Normal",
      "Reconnaissance",
      "Shellcode",
      "Worms"
    ]
  },
  "mlp": {
    "accuracy": 0.8229760919740452,
    "per_class": {
      "Analysis": {
        "precision": 0.096045197740113,
        "recall": 0.5,
        "f1": 0.16113744075829384
      },
      "Backdoors": {
        "precision": 0.23324396782841822,
        "recall": 0.13141993957703926,
        "f1": 0.1681159420289855
      },
      "DoS": {
        "precision": 0.8264840182648402,
        "recall": 0.3904227782571182,
        "f1": 0.5303252270729564
      },
      "Exploits": {
        "precision": 0.6377159309021113,
        "recall": 0.33560606060606063,
        "f1": 0.43977498345466576
      },
      "Fuzzers": {
        "precision": 0.13270142180094788,
        "recall": 0.9655172413793104,
        "f1": 0.23333333333333334
      },
      "Generic": {
        "precision": 0.3789868667917448,
        "recall": 0.599406528189911,
        "f1": 0.46436781609195404
      },
      "Normal": {
        "precision": 0.9995971240857816,
        "recall": 0.9557037037037037,
        "f1": 0.9771577448574631
      },
      "Reconnaissance": {
        "precision": 0.26990049751243783,
        "recall": 0.9617728531855956,
        "f1": 0.42151268665776376
      },
      "Shellcode": {
        "precision": 0.23232323232323232,
        "recall": 0.2490974729241877,
        "f1": 0.24041811846689895
      },
      "Worms": {
        "precision": 0.03636363636363636,
        "recall": 0.4444444444444444,
        "f1": 0.06722689075630252
      }
    },