{
  "random_forest": {
    "accuracy": 0.9954663793877367,
    "per_class": {
      "DoS": {
        "precision": 0.9996251405722854,
        "recall": 0.999000999000999,
        "f1": 0.999312972331522
      },
      "Normal": {
        "precision": 0.9949050086355786,
        "recall": 0.9967987541097075,
        "f1": 0.9958509810701012
      },
      "Probe": {
        "precision": 0.9943342776203966,
        "recall": 0.9971590909090909,
        "f1": 0.9957446808510638
      },
      "R2L": {
        "precision": 0.9609236234458259,
        "recall": 0.929553264604811,
        "f1": 0.9449781659388646
      },
      "U2R": {
        "precision": 0.6428571428571429,
        "recall": 0.5,
        "f1": 0.5625
      }
    },
    "confusion_matrix": [
      [
        8000,
        6,
        2,
        0,
        0
      ],
      [
        3,
        11521,
        10,
        22,
        2
      ],
      [
        0,
        6,
        2106,
        0,
        0
      ],
      [
        0,
        38,
        0,
        541,
        3
      ],
      [
        0,
        9,
        0,
        0,
        9
      ]
    ],
    "confusion_matrix_labels": [
      "DoS",
      "Normal",
      "Probe",
      "R2L",
      "U2R"
    ]
  },
  "xgboost": {
    "accuracy": 0.9956459287189156,
    "per_class": {
      "DoS": {
        "precision": 0.9992507492507493,
        "recall": 0.9992507492507493,
        "f1": 0.9992507492507493
      },
      "Normal": {
        "precision": 0.9985219961745784,
        "recall": 0.9936840283786122,
        "f1": 0.9960971379011275
      },
      "Probe": {
        "precision": 0.9920037629350894,
        "recall": 0.9985795454545454,
        "f1": 0.9952807928268051
      },
      "R2L": {
        "precision": 0.919093851132686,
        "recall": 0.9759450171821306,
        "f1": 0.9466666666666667
      },
      "U2R": {
        "precision": 0.7083333333333334,
        "recall": 0.9444444444444444,
        "f1": 0.8095238095238095
      }
    },
    "confusion_matrix": [
      [
        8002,
        3,
        3,
        0,
        0
      ],
      [
        6,
        11485,
        14,
        50,
        3
      ],
      [
        0,
        3,
        2109,
        0,
        0
      ],
      [
        0,
        10,
        0,
        568,
        4
      ],
      [
        0,
        1,
        0,
        0,
        17
      ]
    ],
    "confusion_matrix_labels": [
      "DoS",
      "Normal",
      "Probe",
      "R2L",
      "U2R"
    ]
  },
  "mlp": {
    "accuracy": 0.9626088517820272,
    "per_class": {
      "DoS": {
        "precision": 0.9938834103108226,
        "recall": 0.9942557442557443,
        "f1": 0.9940695424183782
      },
      "Normal": {
        "precision": 0.9954954954954955,
        "recall": 0.9369268039453192,
        "f1": 0.9653235870921733
      },
      "Probe": {
        "precision": 0.9400360685302074,
        "recall": 0.9872159090909091,
        "f1": 0.9630484988452656
      },
      "R2L": {
        "precision": 0.5780104712041885,
        "recall": 0.9484536082474226,
        "f1": 0.7182823682498374
      },
      "U2R": {
        "precision": 0.0787037037037037,
        "recall": 0.9444444444444444,
        "f1": 0.1452991452991453
      }
    },
    "confusion_matrix": [
      [
        7962,
        16,
        8,
        22,
        0
      ],
      [
        43,
        10829,
        124,
        378,
        184
      ],
      [
        6,
        17,
        2085,
        3,
        1
      ],
      [
        0,
        15,
        1,
        552,
        14
      ],
      [
        0,
        1,
        0,
        0,
        17
      ]
    ],
    "confusion_matrix_labels": [
      "DoS",
      "Normal",
      "Probe",
      "R2L",
      "U2R"
    ]
  },
  "majority_voting": {
    "accuracy": 0.9953766047221474,
    "per_class": {
      "DoS": {
        "precision": 0.9992506556762832,
        "recall": 0.9991258741258742,
        "f1": 0.9991882610053076
      },
      "Normal": {
        "precision": 0.9974828573908515,
        "recall": 0.9942896694929919,
        "f1": 0.9958837037999914
      },
      "Probe": {
        "precision": 0.9933993399339934,
        "recall": 0.9976325757575758,
        "f1": 0.9955114575950862
      },
      "R2L": {
        "precision": 0.9224422442244224,
        "recall": 0.9604810996563574,
        "f1": 0.9410774410774411
      },
      "U2R": {
        "precision": 0.6956521739130435,
        "recall": 0.8888888888888888,
        "f1": 0.7804878048780488
      }
    },
    "confusion_matrix": [
      [
        8001,
        4,
        3,
        0,
        0
      ],
      [
        5,
        11492,
        11,
        47,
        3
      ],
      [
        1,
        4,
        2107,
        0,
        0
      ],
      [
        0,
        19,
        0,
        559,
        4
      ],
      [
        0,
        2,
        0,
        0,
        16
      ]
    ],
    "confusion_matrix_labels": [
      "DoS",
      "Normal",
      "Probe",
      "R2L",
      "U2R"
    ]
  }
}