{
  "random_forest": {
    "accuracy": 0.9002525802377738,
    "per_class": {
      "Analysis": {
        "precision": 0.8421052631578947,
        "recall": 0.47058823529411764,
        "f1": 0.6037735849056604
      },
      "Backdoors": {
        "precision": 0.5529411764705883,
        "recall": 0.21299093655589124,
        "f1": 0.3075245365321701
      },
      "DoS": {
        "precision": 0.7187561503641016,
        "recall": 0.7877480586712683,
        "f1": 0.7516723268498507
      },
      "Exploits": {
        "precision": 0.6153695737192022,
        "recall": 0.7946969696969697,
        "f1": 0.6936301520828742
      },
      "Fuzzers": {
        "precision": 0.36538461538461536,
        "recall": 0.3275862068965517,
        "f1": 0.34545454545454546
      },
      "Generic": {
        "precision": 0.8401486988847584,
        "recall": 0.6706231454005934,
        "f1": 0.7458745874587459
      },
      "Normal": {
        "precision": 0.9889246696963313,
        "recall": 0.9736,
        "f1": 0.9812025023515535
      },
      "Reconnaissance": {
        "precision": 0.6711772665764547,
        "recall": 0.5495844875346261,
        "f1": 0.604325312214438
      },
      "Shellcode": {
        "precision": 0.32231404958677684,
        "recall": 0.1407942238267148,
        "f1": 0.19597989949748743
      },
      "Worms": {
        "precision": 0.5454545454545454,
        "recall": 0.3333333333333333,
        "f1": 0.41379310344827586
      }
    },
    "confusion_matrix": [
      [
        32,
        1,
        16,
        16,
        0,
        0,
        2,
        1,
        0,
        0
      ],
      [
        0,
        141,
        330,
        116,
        1,
        13,
        12,
        35,
        14,
        0
      ],
      [
        3,
        53,
        3652,
        608,
        12,
        25,
        81,
        192,
        6,
        4
      ],
      [
        1,
        22,
        376,
        3147,
        1,
        32,
        178,
        159,
        42,
        2
      ],
      [
        0,
        3,
        26,
        0,
        19,
        0,
        10,
        0,
        0,
        0
      ],
      [
        0,
        9,
        97,
        92,
        1,
        452,
        5,
        13,
        3,
        2
      ],
      [
        1,
        9,
        206,
        576,
        17,
        7,
        32859,
        67,
        7,
        1
      ],
      [
        1,
        6,
        311,
        409,
        1,
        3,
        71,
        992,
        10,
        1
      ],
      [
        0,
        11,
        56,
        142,
        0,
        6,
        8,
        15,
        39,
        0
      ],
      [
        0,
        0,
        11,
        8,
        0,
        0,
        1,
        4,
        0,
        12
      ]
    ],
    "confusion_matrix_labels": [
      "Analysis",
      "Backdoors",
      "DoS",
      "Exploits",
      "Fuzzers",
      "Generic",
      "Normal",
      "Reconnaissance",
      "Shellcode",
      "Worms"
    ]
  },
  "xgboost": {
    "accuracy": 0.8770413273526978,
    "per_class": {
      "Analysis": {
        "precision": 0.2,
        "recall": 0.5294117647058824,
        "f1": 0.2903225806451613
      },
      "Backdoors": {
        "precision": 0.3254364089775561,
        "recall": 0.3942598187311178,
        "f1": 0.35655737704918034
      },
      "DoS": {
        "precision": 0.8953206239168111,
        "recall": 0.5571613459879207,
        "f1": 0.6868767451136817
      },
      "Exploits": {
        "precision": 0.6199561403508772,
        "recall": 0.7138888888888889,
        "f1": 0.6636150234741784
      },
      "Fuzzers": {
        "precision": 0.26373626373626374,
        "recall": 0.8275862068965517,
        "f1": 0.4
      },
      "Generic": {
        "precision": 0.6374845869297164,
        "recall": 0.7670623145400594,
        "f1": 0.6962962962962963
      },
      "Normal": {
        "precision": 0.9995395807115013,
        "recall": 0.9648592592592593,
        "f1": 0.9818932895113751
      },
      "Reconnaissance": {
        "precision": 0.4757245013172751,
        "recall": 0.7002770083102493,
        "f1": 0.5665620797848498
      },
      "Shellcode": {
        "precision": 0.14751131221719457,
        "recall": 0.5884476534296029,
        "f1": 0.23589001447178004
      },
      "Worms": {
        "precision": 0.09696969696969697,
        "recall": 0.4444444444444444,
        "f1": 0.15920398009950248
      }
    },
    "confusion_matrix": [
      [
        36,
        1,
        4,
        14,
        1,
        4,
        0,
        7,
        1,
        0
      ],
      [
        11,
        261,
        124,
        87,
        17,
        34,
        0,
        66,
        59,
        3
      ],
      [
        47,
        425,
        2583,
        527,
        61,
        160,
        4,
        586,
        205,
        38
      ],
      [
        39,
        52,
        66,
        2827,
        3,
        71,
        7,
        429,
        410,
        56
      ],
      [
        0,
        9,
        1,
        0,
        48,
        0,
        0,
        0,
        0,
        0
      ],
      [
        4,
        18,
        22,
        55,
        2,
        517,
        1,
        26,
        24,
        5
      ],
      [
        19,
        29,
        47,
        666,
        49,
        15,
        32564,
        220,
        121,
        20
      ],
      [
        19,
        6,
        30,
        332,
        1,
        7,
        3,
        1264,
        118,
        25
      ],
      [
        4,
        1,
        8,
        44,
        0,
        2,
        0,
        53,
        163,
        2
      ],
      [
        1,
        0,
        0,
        8,
        0,
        1,
        0,
        6,
        4,
        16
      ]
    ],
    "confusion_matrix_labels": [
      "Analysis",
      "Backdoors",
      "DoS",
      "Exploits",
      "Fuzzers",
      "Generic",
      "Normal",
      "Reconnaissance",
      "Shellcode",
      "Worms"
    ]
  },
  "mlp": {
    "accuracy": 0.8078430518660453,
    "per_class": {
      "Analysis": {
        "precision": 0.04648241206030151,
        "recall": 0.5441176470588235,
        "f1": 0.08564814814814815
      },
      "Backdoors": {
        "precision": 0.23615160349854228,
        "recall": 0.12235649546827794,
        "f1": 0.16119402985074627
      },
      "DoS": {
        "precision": 0.7260504201680672,
        "recall": 0.3727351164797239,
        "f1": 0.4925883694412771
      },
      "Exploits": {
        "precision": 0.697119341563786,
        "recall": 0.21388888888888888,
        "f1": 0.3273429951690821
      },
      "Fuzzers": {
        "precision": 0.13176470588235295,
        "recall": 0.9655172413793104,
        "f1": 0.2318840579710145
      },
      "Generic": {
        "precision": 0.3611111111111111,
        "recall": 0.5786350148367952,
        "f1": 0.44469783352337516
      },
      "Normal": {
        "precision": 0.9997210340338478,
        "recall": 0.9556444444444444,
        "f1": 0.9771859661879658
      },
      "Reconnaissance": {
        "precision": 0.25563425627817127,
        "recall": 0.8797783933518005,
        "f1": 0.3961581639017089
      },
      "Shellcode": {
        "precision": 0.13316582914572864,
        "recall": 0.38267148014440433,
        "f1": 0.19757688723205966
      },
      "Worms": {
        "precision": 0.03597122302158273,
        "recall": 0.4166666666666667,
        "f1": 0.06622516556291391
      }
    },