{
  "dataset": "cicids2017",
  "generated_at_utc": "2026-03-24T03:34:33.436127+00:00",
  "model_path": "models/lstm_cicids2017.h5",
  "scaler_path": "models/scaler_lstm_cicids2017.pkl",
  "test_loss": 0.21369466185569763,
  "test_accuracy": 0.939207911491394,
  "warmup_epochs_ran": 2,
  "weighted_epochs_ran": 4,
  "best_val_accuracy": 0.9392315149307251,
  "best_val_accuracy_warmup": 0.9118365049362183,
  "best_val_accuracy_weighted": 0.9392315149307251,
  "class_weight_mode": "balanced_smoothed",
  "class_weight_alpha": 0.05,
  "max_class_weight": 20.0,
  "batch_size": 8192,
  "epochs_requested": 4,
  "warmup_epochs_requested": 2,
  "patience": 2,
  "per_class": {
    "BENIGN": {
      "precision": 0.9582603473299635,
      "recall": 0.9741758433951404,
      "f1": 0.9661525555490729
    },
    "Bot": {
      "precision": 0.0,
      "recall": 0.0,
      "f1": 0.0
    },
    "DDoS": {
      "precision": 0.9666884389288047,
      "recall": 0.6165703275529865,
      "f1": 0.7529172363358876
    },
    "DoS GoldenEye": {
      "precision": 0.7714663143989432,
      "recall": 0.37848347375243035,
      "f1": 0.5078260869565218
    },
    "DoS Hulk": {
      "precision": 0.9775371893781168,
      "recall": 0.8845263807466831,
      "f1": 0.9287088218024256
    },
    "DoS Slowhttptest": {
      "precision": 0.6795180722891566,
      "recall": 0.7193877551020408,
      "f1": 0.6988847583643123
    },
    "DoS slowloris": {
      "precision": 0.7295825771324864,
      "recall": 0.4975247524752475,
      "f1": 0.5916114790286976
    },
    "FTP-Patator": {
      "precision": 0.0,
      "recall": 0.0,
      "f1": 0.0
    },
    "Heartbleed": {
      "precision": 0.0,
      "recall": 0.0,
      "f1": 0.0
    },
    "Infiltration": {
      "precision": 0.0,
      "recall": 0.0,
      "f1": 0.0
    },
    "PortScan": {
      "precision": 0.6091677878147223,
      "recall": 0.9306320193789914,
      "f1": 0.7363438362131552
    },
    "SSH-Patator": {
      "precision": 0.0,
      "recall": 0.0,
      "f1": 0.0
    },
    "Web Attack \u2013 Brute Force": {
      "precision": 0.0,
      "recall": 0.0,
      "f1": 0.0
    },
    "Web Attack \u2013 Sql Injection": {
      "precision": 0.0,
      "recall": 0.0,
      "f1": 0.0
    },
    "Web Attack \u2013 XSS": {
      "precision": 0.0,
      "recall": 0.0,
      "f1": 0.0
    }
  },
  "confusion_matrix": [
    [
      306352,
      0,
      97,
      117,
      127,
      236,
      80,
      0,
      0,
      0,
      7464,
      0,
      0,
      0,
      0
    ],
    [
      212,
      0,
      0,
      0,
      0,
      0,
      0,
      0,
      0,
      0,
      81,
      0,
      0,
      0,
      0
    ],
    [
      7010,
      0,
      11840,
      45,
      301,
      1,
      5,
      0,
      0,
      0,
      1,
      0,
      0,
      0,
      0
    ],
    [
      855,
      0,
      15,
      584,
      89,
      0,
      0,
      0,
      0,
      0,
      0,
      0,
      0,
      0,
      0
    ],
    [
      2655,
      0,
      296,
      9,
      22934,
      0,
      33,
      0,
      0,
      0,
      1,
      0,
      0,
      0,
      0
    ],
    [
      189,
      0,
      0,
      0,
      1,
      564,
      30,
      0,
      0,
      0,
      0,
      0,
      0,
      0,
      0
    ],
    [
      384,
      0,
      0,
      0,
      0,
      22,
      402,
      0,
      0,
      0,
      0,
      0,
      0,
      0,
      0
    ],
    [
      308,
      0,
      0,
      0,
      0,
      0,
      0,
      0,
      0,
      0,
      582,
      0,
      0,
      0,
      0
    ],
    [
      1,
      0,
      0,
      0,
      0,
      0,
      0,
      0,
      0,
      0,
      0,
      0,
      0,
      0,
      0
    ],
    [
      3,
      0,
      0,
      0,
      1,
      0,
      1,
      0,
      0,
      0,
      0,
      0,
      0,
      0,
      0
    ],
    [
      928,
      0,
      0,
      2,
      8,
      7,
      0,
      0,
      0,
      0,
      12678,
      0,
      0,
      0,
      0
    ],
    [
      478,
      0,
      0,
      0,
      0,
      0,
      0,
      0,
      0,
      0,
      5,
      0,
      0,
      0,
      0
    ],
    [
      220,
      0,
      0,
      0,
      0,
      0,
      0,
      0,
      0,
      0,
      0,
      0,
      0,
      0,
      0
    ],
    [
      3,
      0,
      0,
      0,
      0,
      0,
      0,
      0,
      0,
      0,
      0,
      0,
      0,
      0,
      0
    ],
    [
      98,
      0,
      0,
      0,
      0,
      0,
      0,
      0,
      0,
      0,
      0,
      0,
      0,
      0,
      0
    ]
  ],
  "confusion_matrix_labels": [
    "BENIGN",
    "Bot",
    "DDoS",
    "DoS GoldenEye",
    "DoS Hulk",
    "DoS Slowhttptest",
    "DoS slowloris",
    "FTP-Patator",
    "Heartbleed",
    "Infiltration",
    "PortScan",
    "SSH-Patator",
    "Web Attack \u2013 Brute Force",
    "Web Attack \u2013 Sql Injection",
    "Web Attack \u2013 XSS"
  ]
}