{
  "random_forest": {
    "accuracy": 0.9027130601402256,
    "per_class": {
      "Analysis": {
        "precision": 0.9142857142857143,
        "recall": 0.47058823529411764,
        "f1": 0.6213592233009708
      },
      "Backdoors": {
        "precision": 0.6292134831460674,
        "recall": 0.2537764350453172,
        "f1": 0.36167922497308935
      },
      "DoS": {
        "precision": 0.7453237410071942,
        "recall": 0.7821397756686799,
        "f1": 0.76328807493948
      },
      "Exploits": {
        "precision": 0.615965898081767,
        "recall": 0.8027777777777778,
        "f1": 0.6970726893980923
      },
      "Fuzzers": {
        "precision": 0.32,
        "recall": 0.27586206896551724,
        "f1": 0.2962962962962963
      },
      "Generic": {
        "precision": 0.843585237258348,
        "recall": 0.712166172106825,
        "f1": 0.7723250201126307
      },
      "Normal": {
        "precision": 0.9867666916729182,
        "recall": 0.9743407407407407,
        "f1": 0.980514349608647
      },
      "Reconnaissance": {
        "precision": 0.6728232189973615,
        "recall": 0.5650969529085873,
        "f1": 0.6142728093947606
      },
      "Shellcode": {
        "precision": 0.38181818181818183,
        "recall": 0.15162454873646208,
        "f1": 0.21705426356589147
      },
      "Worms": {
        "precision": 0.39285714285714285,
        "recall": 0.3055555555555556,
        "f1": 0.34375
      }
    },
    "confusion_matrix": [
      [
        32,
        2,
        15,
        12,
        0,
        1,
        2,
        4,
        0,
        0
      ],
      [
        0,
        168,
        299,
        124,
        1,
        16,
        15,
        31,
        7,
        1
      ],
      [
        2,
        43,
        3626,
        605,
        12,
        22,
        94,
        216,
        8,
        8
      ],
      [
        0,
        21,
        315,
        3179,
        2,
        38,
        223,
        138,
        40,
        4
      ],
      [
        0,
        2,
        30,
        0,
        16,
        0,
        10,
        0,
        0,
        0
      ],
      [
        0,
        7,
        81,
        84,
        0,
        480,
        6,
        13,
        1,
        2
      ],
      [
        1,
        6,
        157,
        600,
        18,
        6,
        32884,
        71,
        6,
        1
      ],
      [
        0,
        11,
        288,
        400,
        1,
        2,
        76,
        1020,
        6,
        1
      ],
      [
        0,
        6,
        46,
        149,
        0,
        4,
        12,
        18,
        42,
        0
      ],
      [
        0,
        1,
        8,
        8,
        0,
        0,
        3,
        5,
        0,
        11
      ]
    ],
    "confusion_matrix_labels": [
      "Analysis",
      "Backdoors",
      "DoS",
      "Exploits",
      "Fuzzers",
      "Generic",
      "Normal",
      "Reconnaissance",
      "Shellcode",
      "Worms"
    ]
  },
  "xgboost": {
    "accuracy": 0.8816574489395985,
    "per_class": {
      "Analysis": {
        "precision": 0.22598870056497175,
        "recall": 0.5882352941176471,
        "f1": 0.32653061224489793
      },
      "Backdoors": {
        "precision": 0.33373063170441003,
        "recall": 0.4229607250755287,
        "f1": 0.37308461025982675
      },
      "DoS": {
        "precision": 0.8903610467042067,
        "recall": 0.5798101811906816,
        "f1": 0.7022860875244938
      },
      "Exploits": {
        "precision": 0.625,
        "recall": 0.7272727272727273,
        "f1": 0.6722689075630253
      },
      "Fuzzers": {
        "precision": 0.26519337016574585,
        "recall": 0.8275862068965517,
        "f1": 0.401673640167364
      },
      "Generic": {
        "precision": 0.6347826086956522,
        "recall": 0.7581602373887241,
        "f1": 0.6910074374577417
      },
      "Normal": {
        "precision": 0.9989891873679052,
        "recall": 0.9663407407407407,
        "f1": 0.9823937828516348
      },
      "Reconnaissance": {
        "precision": 0.4807325448302175,
        "recall": 0.6980609418282548,
        "f1": 0.5693628558517849
      },
      "Shellcode": {
        "precision": 0.1716171617161716,
        "recall": 0.5631768953068592,
        "f1": 0.2630691399662732
      },
      "Worms": {
        "precision": 0.11666666666666667,
        "recall": 0.3888888888888889,
        "f1": 0.1794871794871795
      }
    },
    "confusion_matrix": [
      [
        40,
        1,
        3,
        14,
        1,
        3,
        0,
        6,
        0,
        0
      ],
      [
        8,
        280,
        126,
        89,
        14,
        35,
        0,
        52,
        55,
        3
      ],
      [
        50,
        404,
        2688,
        501,
        64,
        161,
        8,
        567,
        166,
        27
      ],
      [
        31,
        70,
        68,
        2880,
        3,
        67,
        15,
        440,
        345,
        41
      ],
      [
        0,
        6,
        4,
        0,
        48,
        0,
        0,
        0,
        0,
        0
      ],
      [
        3,
        30,
        22,
        59,
        2,
        511,
        2,
        26,
        16,
        3
      ],
      [
        14,
        24,
        49,
        662,
        48,
        19,
        32614,
        216,
        91,
        13
      ],
      [
        21,
        19,
        47,
        344,
        1,
        8,
        8,
        1260,
        80,
        17
      ],
      [
        8,
        4,
        9,
        50,
        0,
        1,
        0,
        47,
        156,
        2
      ],
      [
        2,
        1,
        3,
        9,
        0,
        0,
        0,
        7,
        0,
        14
      ]
    ],
    "confusion_matrix_labels": [
      "Analysis",
      "Backdoors",
      "DoS",
      "Exploits",
      "Fuzzers",
      "Generic",
      "Normal",
      "Reconnaissance",
      "Shellcode",
      "Worms"
    ]
  },
  "mlp": {
    "accuracy": 0.842594608718373,
    "per_class": {
      "Analysis": {
        "precision": 0.08793969849246232,
        "recall": 0.5147058823529411,
        "f1": 0.15021459227467812
      },
      "Backdoors": {
        "precision": 0.2372093023255814,
        "recall": 0.1540785498489426,
        "f1": 0.18681318681318682
      },
      "DoS": {
        "precision": 0.8503634031637451,
        "recall": 0.42903364969801555,
        "f1": 0.5703225806451613
      },
      "Exploits": {
        "precision": 0.4889363354037267,
        "recall": 0.6361111111111111,
        "f1": 0.5528972783143108
      },
      "Fuzzers": {
        "precision": 0.1308411214953271,
        "recall": 0.9655172413793104,
        "f1": 0.23045267489711935
      },
      "Generic": {
        "precision": 0.4537914691943128,
        "recall": 0.5682492581602374,
        "f1": 0.5046113306982872
      },
      "Normal": {
        "precision": 0.999628079962808,
        "recall": 0.9556444444444444,
        "f1": 0.9771415587366508
      },
      "Reconnaissance": {
        "precision": 0.45615355664283025,
        "recall": 0.6714681440443213,
        "f1": 0.5432541461228149
      },
      "Shellcode": {
        "precision": 0.13313313313313313,
        "recall": 0.48014440433212996,
        "f1": 0.2084639498432602
      },
      "Worms": {
        "precision": 0.036231884057971016,
        "recall": 0.4166666666666667,
        "f1": 0.06666666666666667
      }
    },