{
  "random_forest": {
    "accuracy": 0.8757069754915163,
    "per_class": {
      "DoS": {
        "precision": 0.7668464933791074,
        "recall": 0.9762737262737263,
        "f1": 0.8589792891281657
      },
      "Normal": {
        "precision": 0.9840674789128397,
        "recall": 0.9993078387264233,
        "f1": 0.9916291049581455
      },
      "Probe": {
        "precision": 0.44625407166123776,
        "recall": 0.06486742424242424,
        "f1": 0.11326994625878462
      },
      "R2L": {
        "precision": 0.10256410256410256,
        "recall": 0.006872852233676976,
        "f1": 0.01288244766505636
      },
      "U2R": {
        "precision": 0.0,
        "recall": 0.0,
        "f1": 0.0
      }
    },
    "confusion_matrix": [
      [
        7818,
        25,
        144,
        21,
        0
      ],
      [
        8,
        11550,
        0,
        0,
        0
      ],
      [
        1914,
        47,
        137,
        14,
        0
      ],
      [
        454,
        98,
        26,
        4,
        0
      ],
      [
        1,
        17,
        0,
        0,
        0
      ]
    ],
    "confusion_matrix_labels": [
      "DoS",
      "Normal",
      "Probe",
      "R2L",
      "U2R"
    ]
  },
  "xgboost": {
    "accuracy": 0.738082413143011,
    "per_class": {
      "DoS": {
        "precision": 0.7933933933933934,
        "recall": 0.4948801198801199,
        "f1": 0.6095516419287856
      },
      "Normal": {
        "precision": 0.9910599157568984,
        "recall": 0.9974909153832843,
        "f1": 0.9942650166012678
      },
      "Probe": {
        "precision": 0.2779573367808662,
        "recall": 0.4071969696969697,
        "f1": 0.33038801383019595
      },
      "R2L": {
        "precision": 0.035728307813113466,
        "recall": 0.1563573883161512,
        "f1": 0.058165548098434
      },
      "U2R": {
        "precision": 0.0,
        "recall": 0.0,
        "f1": 0.0
      }
    },
    "confusion_matrix": [
      [
        3963,
        8,
        2046,
        1989,
        2
      ],
      [
        12,
        11529,
        7,
        8,
        2
      ],
      [
        769,
        19,
        860,
        459,
        5
      ],
      [
        244,
        66,
        181,
        91,
        0
      ],
      [
        7,
        11,
        0,
        0,
        0
      ]
    ],
    "confusion_matrix_labels": [
      "DoS",
      "Normal",
      "Probe",
      "R2L",
      "U2R"
    ]
  },
  "mlp": {
    "accuracy": 0.6244276865068678,
    "per_class": {
      "DoS": {
        "precision": 0.8562458691341706,
        "recall": 0.3235514485514486,
        "f1": 0.4696392967192315
      },
      "Normal": {
        "precision": 0.9692307692307692,
        "recall": 0.9538847551479495,
        "f1": 0.9614965333798456
      },
      "Probe": {
        "precision": 0.29,
        "recall": 0.06865530303030302,
        "f1": 0.1110260336906585
      },
      "R2L": {
        "precision": 0.059832469086557635,
        "recall": 0.25773195876288657,
        "f1": 0.09711880867594691
      },
      "U2R": {
        "precision": 0.0,
        "recall": 0.0,
        "f1": 0.0
      }
    },
    "confusion_matrix": [
      [
        2591,
        117,
        159,
        1687,
        3454
      ],
      [
        132,
        11025,
        81,
        180,
        140
      ],
      [
        200,
        44,
        145,
        490,
        1233
      ],
      [
        92,
        182,
        115,
        150,
        43
      ],
      [
        11,
        7,
        0,
        0,
        0
      ]
    ],
    "confusion_matrix_labels": [
      "DoS",
      "Normal",
      "Probe",
      "R2L",
      "U2R"
    ]
  },
  "lstm": {
    "accuracy": 0.5188077924409732,
    "per_class": {
      "DoS": {
        "precision": 0.0,
        "recall": 0.0,
        "f1": 0.0
      },
      "Normal": {
        "precision": 0.5188077924409732,
        "recall": 1.0,
        "f1": 0.6831776805769003
      },
      "Probe": {
        "precision": 0.0,
        "recall": 0.0,
        "f1": 0.0
      },
      "R2L": {
        "precision": 0.0,
        "recall": 0.0,
        "f1": 0.0
      },
      "U2R": {
        "precision": 0.0,
        "recall": 0.0,
        "f1": 0.0
      }
    },
    "confusion_matrix": [
      [
        0,
        8008,
        0,
        0,
        0
      ],
      [
        0,
        11558,
        0,
        0,
        0
      ],
      [
        0,
        2112,
        0,
        0,
        0
      ],
      [
        0,
        582,
        0,
        0,
        0
      ],
      [
        0,
        18,
        0,
        0,
        0
      ]
    ],
    "confusion_matrix_labels": [
      "DoS",
      "Normal",
      "Probe",
      "R2L",
      "U2R"
    ]
  },
  "majority_voting": {
    "accuracy": 0.8510189424544393,
    "per_class": {
      "DoS": {
        "precision": 0.7808501409672522,
        "recall": 0.8992257742257742,
        "f1": 0.8358676726639582
      },
      "Normal": {
        "precision": 0.9712387519973089,
        "recall": 0.9992213185672262,
        "f1": 0.9850313446202397
      },
      "Probe": {
        "precision": 0.5028735632183908,
        "recall": 0.08285984848484848,
        "f1": 0.14227642276422764
      },
      "R2L": {
        "precision": 0.04171779141104295,
        "recall": 0.058419243986254296,
        "f1": 0.048675733715103794
      },
      "U2R": {
        "precision": 0.0,
        "recall": 0.0,
        "f1": 0.0
      }
    },
    "confusion_matrix": [
      [
        7201,
        79,
        138,
        590,
        0
      ],
      [
        8,
        11549,
        0,
        1,
        0
      ],
      [
        1670,
        75,
        175,
        190,
        2
      ],
      [
        336,
        177,
        35,
        34,
        0
      ],
      [
        7,
        11,
        0,
        0,
        0
      ]
    ],
    "confusion_matrix_labels": [
      "DoS",
      "Normal",
      "Probe",
      "R2L",
      "U2R"
    ]
  }
}