{
  "random_forest": {
    "accuracy": 0.9957805907172996,
    "per_class": {
      "DoS": {
        "precision": 0.9996251405722854,
        "recall": 0.999000999000999,
        "f1": 0.999312972331522
      },
      "Normal": {
        "precision": 0.9945666235446313,
        "recall": 0.9977504758608756,
        "f1": 0.996156005701205
      },
      "Probe": {
        "precision": 0.995274102079395,
        "recall": 0.9971590909090909,
        "f1": 0.9962157048249763
      },
      "R2L": {
        "precision": 0.9781021897810219,
        "recall": 0.9209621993127147,
        "f1": 0.9486725663716814
      },
      "U2R": {
        "precision": 0.625,
        "recall": 0.5555555555555556,
        "f1": 0.5882352941176471
      }
    },
    "confusion_matrix": [
      [
        8000,
        6,
        2,
        0,
        0
      ],
      [
        3,
        11532,
        8,
        12,
        3
      ],
      [
        0,
        6,
        2106,
        0,
        0
      ],
      [
        0,
        43,
        0,
        536,
        3
      ],
      [
        0,
        8,
        0,
        0,
        10
      ]
    ],
    "confusion_matrix_labels": [
      "DoS",
      "Normal",
      "Probe",
      "R2L",
      "U2R"
    ]
  },
  "xgboost": {
    "accuracy": 0.9969027740371668,
    "per_class": {
      "DoS": {
        "precision": 0.9996253746253746,
        "recall": 0.9996253746253746,
        "f1": 0.9996253746253746
      },
      "Normal": {
        "precision": 0.9956863083426797,
        "recall": 0.9985291572936494,
        "f1": 0.9971057065100004
      },
      "Probe": {
        "precision": 0.9971577451444813,
        "recall": 0.9966856060606061,
        "f1": 0.996921619701634
      },
      "R2L": {
        "precision": 0.9873646209386282,
        "recall": 0.9398625429553265,
        "f1": 0.9630281690140845
      },
      "U2R": {
        "precision": 0.7857142857142857,
        "recall": 0.6111111111111112,
        "f1": 0.6875
      }
    },
    "confusion_matrix": [
      [
        8005,
        2,
        1,
        0,
        0
      ],
      [
        3,
        11541,
        5,
        7,
        2
      ],
      [
        0,
        7,
        2105,
        0,
        0
      ],
      [
        0,
        34,
        0,
        547,
        1
      ],
      [
        0,
        7,
        0,
        0,
        11
      ]
    ],
    "confusion_matrix_labels": [
      "DoS",
      "Normal",
      "Probe",
      "R2L",
      "U2R"
    ]
  },
  "mlp": {
    "accuracy": 0.9883292934733818,
    "per_class": {
      "DoS": {
        "precision": 0.9978773879385691,
        "recall": 0.998001998001998,
        "f1": 0.9979396890803521
      },
      "Normal": {
        "precision": 0.9881764045913524,
        "recall": 0.9906558228067139,
        "f1": 0.9894145603802117
      },
      "Probe": {
        "precision": 0.9787032654992901,
        "recall": 0.9791666666666666,
        "f1": 0.9789349112426036
      },
      "R2L": {
        "precision": 0.8944543828264758,
        "recall": 0.8591065292096219,
        "f1": 0.8764241893076249
      },
      "U2R": {
        "precision": 0.8,
        "recall": 0.4444444444444444,
        "f1": 0.5714285714285714
      }
    },
    "confusion_matrix": [
      [
        7992,
        11,
        2,
        3,
        0
      ],
      [
        10,
        11450,
        42,
        55,
        1
      ],
      [
        7,
        36,
        2068,
        1,
        0
      ],
      [
        0,
        80,
        1,
        500,
        1
      ],
      [
        0,
        10,
        0,
        0,
        8
      ]
    ],
    "confusion_matrix_labels": [
      "DoS",
      "Normal",
      "Probe",
      "R2L",
      "U2R"
    ]
  }
}