{
  "random_forest": {
    "accuracy": 0.995286830056558,
    "per_class": {
      "DoS": {
        "precision": 0.9996251405722854,
        "recall": 0.999000999000999,
        "f1": 0.999312972331522
      },
      "Normal": {
        "precision": 0.9940496723007933,
        "recall": 0.9973178750648901,
        "f1": 0.9956810918199879
      },
      "Probe": {
        "precision": 0.9952673923331756,
        "recall": 0.9957386363636364,
        "f1": 0.9955029585798817
      },
      "R2L": {
        "precision": 0.9674502712477396,
        "recall": 0.9192439862542955,
        "f1": 0.9427312775330396
      },
      "U2R": {
        "precision": 0.6153846153846154,
        "recall": 0.4444444444444444,
        "f1": 0.5161290322580645
      }
    },
    "confusion_matrix": [
      [
        8000,
        6,
        2,
        0,
        0
      ],
      [
        3,
        11527,
        8,
        18,
        2
      ],
      [
        0,
        9,
        2103,
        0,
        0
      ],
      [
        0,
        44,
        0,
        535,
        3
      ],
      [
        0,
        10,
        0,
        0,
        8
      ]
    ],
    "confusion_matrix_labels": [
      "DoS",
      "Normal",
      "Probe",
      "R2L",
      "U2R"
    ]
  },
  "xgboost": {
    "accuracy": 0.996139689379657,
    "per_class": {
      "DoS": {
        "precision": 0.9995005618678986,
        "recall": 0.9996253746253746,
        "f1": 0.9995629643503777
      },
      "Normal": {
        "precision": 0.998696558915537,
        "recall": 0.994376189652189,
        "f1": 0.9965316916673892
      },
      "Probe": {
        "precision": 0.9957487009919698,
        "recall": 0.9981060606060606,
        "f1": 0.9969259872310239
      },
      "R2L": {
        "precision": 0.9192245557350566,
        "recall": 0.9776632302405498,
        "f1": 0.9475437135720233
      },
      "U2R": {
        "precision": 0.68,
        "recall": 0.9444444444444444,
        "f1": 0.7906976744186046
      }
    },
    "confusion_matrix": [
      [
        8005,
        2,
        1,
        0,
        0
      ],
      [
        4,
        11493,
        8,
        49,
        4
      ],
      [
        0,
        3,
        2108,
        1,
        0
      ],
      [
        0,
        9,
        0,
        569,
        4
      ],
      [
        0,
        1,
        0,
        0,
        17
      ]
    ],
    "confusion_matrix_labels": [
      "DoS",
      "Normal",
      "Probe",
      "R2L",
      "U2R"
    ]
  },
  "mlp": {
    "accuracy": 0.9642696830954305,
    "per_class": {
      "DoS": {
        "precision": 0.9966199298948423,
        "recall": 0.9941308691308691,
        "f1": 0.9953738434608652
      },
      "Normal": {
        "precision": 0.9961619300009138,
        "recall": 0.9431562554075099,
        "f1": 0.9689347140127106
      },
      "Probe": {
        "precision": 0.9374718848403059,
        "recall": 0.9867424242424242,
        "f1": 0.9614763552479816
      },
      "R2L": {
        "precision": 0.6544766708701135,
        "recall": 0.8917525773195877,
        "f1": 0.7549090909090909
      },
      "U2R": {
        "precision": 0.0513595166163142,
        "recall": 0.9444444444444444,
        "f1": 0.09742120343839542
      }
    },
    "confusion_matrix": [
      [
        7961,
        10,
        12,
        23,
        2
      ],
      [
        26,
        10901,
        125,
        248,
        258
      ],
      [
        1,
        11,
        2084,
        3,
        13
      ],
      [
        0,
        20,
        2,
        519,
        41
      ],
      [
        0,
        1,
        0,
        0,
        17
      ]
    ],
    "confusion_matrix_labels": [
      "DoS",
      "Normal",
      "Probe",
      "R2L",
      "U2R"
    ]
  },
  "majority_voting": {
    "accuracy": 0.9953766047221474,
    "per_class": {
      "DoS": {
        "precision": 0.9996252342286072,
        "recall": 0.9992507492507493,
        "f1": 0.9994379566602136
      },
      "Normal": {
        "precision": 0.9967923710446467,
        "recall": 0.9948087904481744,
        "f1": 0.9957995929502447
      },
      "Probe": {
        "precision": 0.9938679245283019,
        "recall": 0.9976325757575758,
        "f1": 0.9957466918714556
      },
      "R2L": {
        "precision": 0.9276094276094277,
        "recall": 0.9467353951890034,
        "f1": 0.9370748299319728
      },
      "U2R": {
        "precision": 0.7083333333333334,
        "recall": 0.9444444444444444,
        "f1": 0.8095238095238095
      }
    },
    "confusion_matrix": [
      [
        8002,
        4,
        2,
        0,
        0
      ],
      [
        3,
        11498,
        11,
        43,
        3
      ],
      [
        0,
        5,
        2107,
        0,
        0
      ],
      [
        0,
        27,
        0,
        551,
        4
      ],
      [
        0,
        1,
        0,
        0,
        17
      ]
    ],
    "confusion_matrix_labels": [
      "DoS",
      "Normal",
      "Probe",
      "R2L",
      "U2R"
    ]
  }
}