{
  "random_forest": {
    "accuracy": 0.9054348299438226,
    "per_class": {
      "Analysis": {
        "precision": 0.868421052631579,
        "recall": 0.4852941176470588,
        "f1": 0.6226415094339622
      },
      "Backdoors": {
        "precision": 0.6175548589341693,
        "recall": 0.297583081570997,
        "f1": 0.4016309887869521
      },
      "DoS": {
        "precision": 0.7591699853280235,
        "recall": 0.7812769628990509,
        "f1": 0.7700648453279473
      },
      "Exploits": {
        "precision": 0.6142589118198875,
        "recall": 0.8267676767676768,
        "f1": 0.7048439181916039
      },
      "Fuzzers": {
        "precision": 0.3888888888888889,
        "recall": 0.4827586206896552,
        "f1": 0.4307692307692308
      },
      "Generic": {
        "precision": 0.8537005163511188,
        "recall": 0.7359050445103857,
        "f1": 0.7904382470119522
      },
      "Normal": {
        "precision": 0.9907060953530477,
        "recall": 0.9728,
        "f1": 0.9816714008072955
      },
      "Reconnaissance": {
        "precision": 0.6809895833333334,
        "recall": 0.5795013850415512,
        "f1": 0.6261598323855133
      },
      "Shellcode": {
        "precision": 0.36752136752136755,
        "recall": 0.1552346570397112,
        "f1": 0.2182741116751269
      },
      "Worms": {
        "precision": 0.5454545454545454,
        "recall": 0.3333333333333333,
        "f1": 0.41379310344827586
      }
    },
    "confusion_matrix": [
      [
        33,
        0,
        18,
        11,
        0,
        1,
        2,
        3,
        0,
        0
      ],
      [
        1,
        197,
        273,
        124,
        4,
        12,
        7,
        30,
        14,
        0
      ],
      [
        2,
        61,
        3622,
        610,
        17,
        24,
        69,
        218,
        7,
        6
      ],
      [
        0,
        18,
        302,
        3274,
        1,
        34,
        154,
        133,
        43,
        1
      ],
      [
        0,
        2,
        24,
        0,
        28,
        0,
        4,
        0,
        0,
        0
      ],
      [
        0,
        8,
        65,
        80,
        1,
        496,
        8,
        13,
        1,
        2
      ],
      [
        1,
        9,
        161,
        641,
        20,
        8,
        32832,
        73,
        4,
        1
      ],
      [
        1,
        11,
        257,
        426,
        1,
        1,
        57,
        1046,
        5,
        0
      ],
      [
        0,
        13,
        42,
        151,
        0,
        5,
        6,
        17,
        43,
        0
      ],
      [
        0,
        0,
        7,
        13,
        0,
        0,
        1,
        3,
        0,
        12
      ]
    ],
    "confusion_matrix_labels": [
      "Analysis",
      "Backdoors",
      "DoS",
      "Exploits",
      "Fuzzers",
      "Generic",
      "Normal",
      "Reconnaissance",
      "Shellcode",
      "Worms"
    ]
  },
  "xgboost": {
    "accuracy": 0.8870356660715063,
    "per_class": {
      "Analysis": {
        "precision": 0.35514018691588783,
        "recall": 0.5588235294117647,
        "f1": 0.4342857142857143
      },
      "Backdoors": {
        "precision": 0.3667905824039653,
        "recall": 0.4471299093655589,
        "f1": 0.4029952348536419
      },
      "DoS": {
        "precision": 0.8950695322376738,
        "recall": 0.6108714408973253,
        "f1": 0.7261538461538461
      },
      "Exploits": {
        "precision": 0.6270683071701315,
        "recall": 0.7464646464646465,
        "f1": 0.6815771270463454
      },
      "Fuzzers": {
        "precision": 0.29936305732484075,
        "recall": 0.8103448275862069,
        "f1": 0.4372093023255814
      },
      "Generic": {
        "precision": 0.6948051948051948,
        "recall": 0.7937685459940653,
        "f1": 0.7409972299168975
      },
      "Normal": {
        "precision": 0.999202820787981,
        "recall": 0.9656,
        "f1": 0.9821140661493257
      },
      "Reconnaissance": {
        "precision": 0.484653277756726,
        "recall": 0.7085872576177286,
        "f1": 0.5756075607560756
      },
      "Shellcode": {
        "precision": 0.1740139211136891,
        "recall": 0.5415162454873647,
        "f1": 0.2633889376646181
      },
      "Worms": {
        "precision": 0.17582417582417584,
        "recall": 0.4444444444444444,
        "f1": 0.25196850393700787
      }
    },
    "confusion_matrix": [
      [
        38,
        1,
        4,
        11,
        0,
        3,
        1,
        7,
        3,
        0
      ],
      [
        4,
        296,
        125,
        81,
        12,
        29,
        0,
        63,
        47,
        5
      ],
      [
        27,
        376,
        2832,
        504,
        47,
        106,
        4,
        555,
        169,
        16
      ],
      [
        18,
        56,
        68,
        2956,
        4,
        73,
        11,
        444,
        298,
        32
      ],
      [
        0,
        7,
        3,
        1,
        47,
        0,
        0,
        0,
        0,
        0
      ],
      [
        2,
        13,
        17,
        56,
        2,
        535,
        2,
        25,
        19,
        3
      ],
      [
        6,
        36,
        49,
        692,
        44,
        16,
        32589,
        209,
        98,
        11
      ],
      [
        9,
        19,
        54,
        345,
        1,
        4,
        8,
        1279,
        78,
        8
      ],
      [
        3,
        3,
        10,
        61,
        0,
        3,
        0,
        47,
        150,
        0
      ],
      [
        0,
        0,
        2,
        7,
        0,
        1,
        0,
        10,
        0,
        16
      ]
    ],
    "confusion_matrix_labels": [
      "Analysis",
      "Backdoors",
      "DoS",
      "Exploits",
      "Fuzzers",
      "Generic",
      "Normal",
      "Reconnaissance",
      "Shellcode",
      "Worms"
    ]
  },
  "mlp": {
    "accuracy": 0.8254583460349257,
    "per_class": {
      "Analysis": {
        "precision": 0.07643312101910828,
        "recall": 0.5294117647058824,
        "f1": 0.13358070500927643
      },
      "Backdoors": {
        "precision": 0.19383259911894274,
        "recall": 0.13293051359516617,
        "f1": 0.15770609318996415
      },
      "DoS": {
        "precision": 0.8542116630669546,
        "recall": 0.34124245038826573,
        "f1": 0.4876695437731196
      },
      "Exploits": {
        "precision": 0.4228096932723267,
        "recall": 0.6300505050505051,
        "f1": 0.506033870804178
      },
      "Fuzzers": {
        "precision": 0.10233393177737882,
        "recall": 0.9827586206896551,
        "f1": 0.18536585365853658
      },
      "Generic": {
        "precision": 0.36174430128840435,
        "recall": 0.5415430267062314,
        "f1": 0.43374925727866903
      },
      "Normal": {
        "precision": 0.999379941094404,
        "recall": 0.9551111111111111,
        "f1": 0.9767441860465116
      },
      "Reconnaissance": {
        "precision": 0.44531610521458237,
        "recall": 0.5346260387811634,
        "f1": 0.48590130916414903
      },
      "Shellcode": {
        "precision": 0.23905723905723905,
        "recall": 0.2563176895306859,
        "f1": 0.24738675958188153
      },
      "Worms": {
        "precision": 0.016614745586708203,
        "recall": 0.4444444444444444,
        "f1": 0.03203203203203203
      }
    },