{
  "random_forest": {
    "accuracy": 0.9948379567286112,
    "per_class": {
      "DoS": {
        "precision": 0.9995001249687578,
        "recall": 0.9987512487512488,
        "f1": 0.9991255465334166
      },
      "Normal": {
        "precision": 0.9937888198757764,
        "recall": 0.9967122339505105,
        "f1": 0.9952483801295896
      },
      "Probe": {
        "precision": 0.9938592347661785,
        "recall": 0.9962121212121212,
        "f1": 0.9950342870655001
      },
      "R2L": {
        "precision": 0.960431654676259,
        "recall": 0.9175257731958762,
        "f1": 0.9384885764499121
      },
      "U2R": {
        "precision": 0.6363636363636364,
        "recall": 0.3888888888888889,
        "f1": 0.4827586206896552
      }
    },
    "confusion_matrix": [
      [
        7998,
        8,
        2,
        0,
        0
      ],
      [
        3,
        11520,
        11,
        22,
        2
      ],
      [
        0,
        8,
        2104,
        0,
        0
      ],
      [
        0,
        46,
        0,
        534,
        2
      ],
      [
        1,
        10,
        0,
        0,
        7
      ]
    ],
    "confusion_matrix_labels": [
      "DoS",
      "Normal",
      "Probe",
      "R2L",
      "U2R"
    ]
  },
  "xgboost": {
    "accuracy": 0.9949277313942005,
    "per_class": {
      "DoS": {
        "precision": 0.9993756243756243,
        "recall": 0.9993756243756243,
        "f1": 0.9993756243756243
      },
      "Normal": {
        "precision": 0.998259658893143,
        "recall": 0.99255926630905,
        "f1": 0.9954013015184382
      },
      "Probe": {
        "precision": 0.992467043314501,
        "recall": 0.9981060606060606,
        "f1": 0.9952785646836638
      },
      "R2L": {
        "precision": 0.8969889064976229,
        "recall": 0.9725085910652921,
        "f1": 0.9332234130255564
      },
      "U2R": {
        "precision": 0.6956521739130435,
        "recall": 0.8888888888888888,
        "f1": 0.7804878048780488
      }
    },
    "confusion_matrix": [
      [
        8003,
        3,
        2,
        0,
        0
      ],
      [
        4,
        11472,
        14,
        65,
        3
      ],
      [
        0,
        4,
        2108,
        0,
        0
      ],
      [
        1,
        11,
        0,
        566,
        4
      ],
      [
        0,
        2,
        0,
        0,
        16
      ]
    ],
    "confusion_matrix_labels": [
      "DoS",
      "Normal",
      "Probe",
      "R2L",
      "U2R"
    ]
  },
  "mlp": {
    "accuracy": 0.9672771343926744,
    "per_class": {
      "DoS": {
        "precision": 0.9972472472472472,
        "recall": 0.9952547452547452,
        "f1": 0.99625
      },
      "Normal": {
        "precision": 0.995094476744186,
        "recall": 0.9477418238449559,
        "f1": 0.970841088363024
      },
      "Probe": {
        "precision": 0.9568445475638051,
        "recall": 0.9763257575757576,
        "f1": 0.9664869932036559
      },
      "R2L": {
        "precision": 0.6285714285714286,
        "recall": 0.9450171821305842,
        "f1": 0.7549759780370625
      },
      "U2R": {
        "precision": 0.05241935483870968,
        "recall": 0.7222222222222222,
        "f1": 0.09774436090225563
      }
    },
    "confusion_matrix": [
      [
        7970,
        14,
        8,
        14,
        2
      ],
      [
        19,
        10954,
        84,
        301,
        200
      ],
      [
        2,
        18,
        2062,
        9,
        21
      ],
      [
        1,
        18,
        1,
        550,
        12
      ],
      [
        0,
        4,
        0,
        1,
        13
      ]
    ],
    "confusion_matrix_labels": [
      "DoS",
      "Normal",
      "Probe",
      "R2L",
      "U2R"
    ]
  },
  "lstm": {
    "accuracy": 0.8737319328485501,
    "per_class": {
      "DoS": {
        "precision": 0.8915180196578085,
        "recall": 0.9174575424575424,
        "f1": 0.9043018031878884
      },
      "Normal": {
        "precision": 0.8974293713413082,
        "recall": 0.9152102439868489,
        "f1": 0.906232597986721
      },
      "Probe": {
        "precision": 0.6899641577060932,
        "recall": 0.7291666666666666,
        "f1": 0.7090239410681399
      },
      "R2L": {
        "precision": 0.0,
        "recall": 0.0,
        "f1": 0.0
      },
      "U2R": {
        "precision": 0.0,
        "recall": 0.0,
        "f1": 0.0
      }
    },
    "confusion_matrix": [
      [
        7347,
        455,
        206,
        0,
        0
      ],
      [
        523,
        10578,
        440,
        1,
        16
      ],
      [
        307,
        265,
        1540,
        0,
        0
      ],
      [
        64,
        477,
        40,
        0,
        1
      ],
      [
        0,
        12,
        6,
        0,
        0
      ]
    ],
    "confusion_matrix_labels": [
      "DoS",
      "Normal",
      "Probe",
      "R2L",
      "U2R"
    ]
  },
  "majority_voting": {
    "accuracy": 0.9941646467366909,
    "per_class": {
      "DoS": {
        "precision": 0.9985026204142751,
        "recall": 0.9992507492507493,
        "f1": 0.9988765447509674
      },
      "Normal": {
        "precision": 0.9931849551414769,
        "recall": 0.9961065928361308,
        "f1": 0.9946436285097192
      },
      "Probe": {
        "precision": 0.9947718631178707,
        "recall": 0.9910037878787878,
        "f1": 0.9928842504743833
      },
      "R2L": {
        "precision": 0.9567567567567568,
        "recall": 0.9123711340206185,
        "f1": 0.9340369393139841
      },
      "U2R": {
        "precision": 0.6923076923076923,
        "recall": 0.5,
        "f1": 0.5806451612903226
      }
    },
    "confusion_matrix": [
      [
        8002,
        5,
        1,
        0,
        0
      ],
      [
        9,
        11513,
        10,
        24,
        2
      ],
      [
        2,
        17,
        2093,
        0,
        0
      ],
      [
        1,
        48,
        0,
        531,
        2
      ],
      [
        0,
        9,
        0,
        0,
        9
      ]
    ],
    "confusion_matrix_labels": [
      "DoS",
      "Normal",
      "Probe",
      "R2L",
      "U2R"
    ]
  }
}