{
  "random_forest": {
    "accuracy": 0.9933566747463866,
    "per_class": {
      "DoS": {
        "precision": 0.9945253203931815,
        "recall": 0.9981268731268731,
        "f1": 0.9963228420068557
      },
      "Normal": {
        "precision": 0.9945647485117763,
        "recall": 0.9974043952240872,
        "f1": 0.9959825478422394
      },
      "Probe": {
        "precision": 0.9928195308760173,
        "recall": 0.9820075757575758,
        "f1": 0.9873839562009046
      },
      "R2L": {
        "precision": 0.9618181818181818,
        "recall": 0.9089347079037801,
        "f1": 0.9346289752650176
      },
      "U2R": {
        "precision": 0.5454545454545454,
        "recall": 0.3333333333333333,
        "f1": 0.41379310344827586
      }
    },
    "confusion_matrix": [
      [
        7993,
        6,
        7,
        2,
        0
      ],
      [
        3,
        11528,
        8,
        17,
        2
      ],
      [
        30,
        7,
        2074,
        1,
        0
      ],
      [
        9,
        41,
        0,
        529,
        3
      ],
      [
        2,
        9,
        0,
        1,
        6
      ]
    ],
    "confusion_matrix_labels": [
      "DoS",
      "Normal",
      "Probe",
      "R2L",
      "U2R"
    ]
  },
  "xgboost": {
    "accuracy": 0.9921447167609301,
    "per_class": {
      "DoS": {
        "precision": 0.9992490613266584,
        "recall": 0.997002997002997,
        "f1": 0.9981247655956995
      },
      "Normal": {
        "precision": 0.9980797765558174,
        "recall": 0.9893580204187575,
        "f1": 0.9936997610254182
      },
      "Probe": {
        "precision": 0.9822429906542056,
        "recall": 0.9952651515151515,
        "f1": 0.9887111947318908
      },
      "R2L": {
        "precision": 0.8515742128935532,
        "recall": 0.9759450171821306,
        "f1": 0.9095276220976781
      },
      "U2R": {
        "precision": 0.5833333333333334,
        "recall": 0.7777777777777778,
        "f1": 0.6666666666666666
      }
    },
    "confusion_matrix": [
      [
        7984,
        3,
        13,
        7,
        1
      ],
      [
        5,
        11435,
        24,
        89,
        5
      ],
      [
        0,
        7,
        2102,
        3,
        0
      ],
      [
        1,
        9,
        0,
        568,
        4
      ],
      [
        0,
        3,
        1,
        0,
        14
      ]
    ],
    "confusion_matrix_labels": [
      "DoS",
      "Normal",
      "Probe",
      "R2L",
      "U2R"
    ]
  },
  "mlp": {
    "accuracy": 0.8672681569261155,
    "per_class": {
      "DoS": {
        "precision": 0.9973359506449804,
        "recall": 0.8882367632367633,
        "f1": 0.9396301188903566
      },
      "Normal": {
        "precision": 0.9830321285140562,
        "recall": 0.8471188786987368,
        "f1": 0.9100288130867181
      },
      "Probe": {
        "precision": 0.7193675889328063,
        "recall": 0.9479166666666666,
        "f1": 0.8179775280898877
      },
      "R2L": {
        "precision": 0.2763888888888889,
        "recall": 0.6838487972508591,
        "f1": 0.3936696340257171
      },
      "U2R": {
        "precision": 0.017653167185877467,
        "recall": 0.9444444444444444,
        "f1": 0.034658511722731905
      }
    },
    "confusion_matrix": [
      [
        7113,
        140,
        439,
        278,
        38
      ],
      [
        5,
        9791,
        324,
        749,
        689
      ],
      [
        14,
        12,
        2002,
        15,
        69
      ],
      [
        0,
        16,
        18,
        398,
        150
      ],
      [
        0,
        1,
        0,
        0,
        17
      ]
    ],
    "confusion_matrix_labels": [
      "DoS",
      "Normal",
      "Probe",
      "R2L",
      "U2R"
    ]
  },
  "lstm": {
    "accuracy": 0.8132238082413143,
    "per_class": {
      "DoS": {
        "precision": 0.7966532025389498,
        "recall": 0.862012987012987,
        "f1": 0.8280453427697475
      },
      "Normal": {
        "precision": 0.8743225806451613,
        "recall": 0.8793908980792524,
        "f1": 0.8768494155199931
      },
      "Probe": {
        "precision": 0.528169014084507,
        "recall": 0.4971590909090909,
        "f1": 0.5121951219512195
      },
      "R2L": {
        "precision": 0.0,
        "recall": 0.0,
        "f1": 0.0
      },
      "U2R": {
        "precision": 0.0,
        "recall": 0.0,
        "f1": 0.0
      }
    },
    "confusion_matrix": [
      [
        6903,
        606,
        499,
        0,
        0
      ],
      [
        969,
        10164,
        425,
        0,
        0
      ],
      [
        744,
        318,
        1050,
        0,
        0
      ],
      [
        47,
        524,
        11,
        0,
        0
      ],
      [
        2,
        13,
        3,
        0,
        0
      ]
    ],
    "confusion_matrix_labels": [
      "DoS",
      "Normal",
      "Probe",
      "R2L",
      "U2R"
    ]
  },
  "majority_voting": {
    "accuracy": 0.992862914085645,
    "per_class": {
      "DoS": {
        "precision": 0.9950217797137524,
        "recall": 0.9983766233766234,
        "f1": 0.9966963784828274
      },
      "Normal": {
        "precision": 0.9937850668968494,
        "recall": 0.9961065928361308,
        "f1": 0.9949444756513849
      },
      "Probe": {
        "precision": 0.9890004782400765,
        "recall": 0.9791666666666666,
        "f1": 0.9840590054722818
      },
      "R2L": {
        "precision": 0.9655797101449275,
        "recall": 0.915807560137457,
        "f1": 0.9400352733686067
      },
      "U2R": {
        "precision": 0.6666666666666666,
        "recall": 0.5555555555555556,
        "f1": 0.6060606060606061
      }
    },
    "confusion_matrix": [
      [
        7995,
        6,
        7,
        0,
        0
      ],
      [
        8,
        11513,
        16,
        19,
        2
      ],
      [
        28,
        16,
        2068,
        0,
        0
      ],
      [
        3,
        43,
        0,
        533,
        3
      ],
      [
        1,
        7,
        0,
        0,
        10
      ]
    ],
    "confusion_matrix_labels": [
      "DoS",
      "Normal",
      "Probe",
      "R2L",
      "U2R"
    ]
  }
}