{
  "random_forest": {
    "accuracy": 0.9944788580662537,
    "per_class": {
      "DoS": {
        "precision": 0.9991257649556637,
        "recall": 0.999000999000999,
        "f1": 0.9990633780830471
      },
      "Normal": {
        "precision": 0.9936146345672621,
        "recall": 0.9962796331545251,
        "f1": 0.9949453492893248
      },
      "Probe": {
        "precision": 0.9933868682097308,
        "recall": 0.9957386363636364,
        "f1": 0.9945613620241192
      },
      "R2L": {
        "precision": 0.9566787003610109,
        "recall": 0.9106529209621993,
        "f1": 0.9330985915492958
      },
      "U2R": {
        "precision": 0.6363636363636364,
        "recall": 0.3888888888888889,
        "f1": 0.4827586206896552
      }
    },
    "confusion_matrix": [
      [
        8000,
        6,
        2,
        0,
        0
      ],
      [
        6,
        11515,
        12,
        23,
        2
      ],
      [
        0,
        9,
        2103,
        0,
        0
      ],
      [
        0,
        50,
        0,
        530,
        2
      ],
      [
        1,
        9,
        0,
        1,
        7
      ]
    ],
    "confusion_matrix_labels": [
      "DoS",
      "Normal",
      "Probe",
      "R2L",
      "U2R"
    ]
  },
  "xgboost": {
    "accuracy": 0.994299308735075,
    "per_class": {
      "DoS": {
        "precision": 0.9988761238761239,
        "recall": 0.9988761238761239,
        "f1": 0.9988761238761239
      },
      "Normal": {
        "precision": 0.9975643702157272,
        "recall": 0.9922131856722617,
        "f1": 0.9948815823718227
      },
      "Probe": {
        "precision": 0.9915254237288136,
        "recall": 0.9971590909090909,
        "f1": 0.9943342776203966
      },
      "R2L": {
        "precision": 0.8964968152866242,
        "recall": 0.9673539518900344,
        "f1": 0.9305785123966942
      },
      "U2R": {
        "precision": 0.6818181818181818,
        "recall": 0.8333333333333334,
        "f1": 0.75
      }
    },
    "confusion_matrix": [
      [
        7999,
        5,
        4,
        0,
        0
      ],
      [
        9,
        11468,
        14,
        65,
        2
      ],
      [
        0,
        6,
        2106,
        0,
        0
      ],
      [
        0,
        14,
        0,
        563,
        5
      ],
      [
        0,
        3,
        0,
        0,
        15
      ]
    ],
    "confusion_matrix_labels": [
      "DoS",
      "Normal",
      "Probe",
      "R2L",
      "U2R"
    ]
  },
  "mlp": {
    "accuracy": 0.9636861477690996,
    "per_class": {
      "DoS": {
        "precision": 0.9922722173750468,
        "recall": 0.9941308691308691,
        "f1": 0.9932006736947165
      },
      "Normal": {
        "precision": 0.9936270939548434,
        "recall": 0.9442810174770722,
        "f1": 0.9683257918552036
      },
      "Probe": {
        "precision": 0.934596301308074,
        "recall": 0.9810606060606061,
        "f1": 0.9572649572649573
      },
      "R2L": {
        "precision": 0.6679841897233202,
        "recall": 0.8711340206185567,
        "f1": 0.756152125279642
      },
      "U2R": {
        "precision": 0.05084745762711865,
        "recall": 0.8333333333333334,
        "f1": 0.09584664536741214
      }
    },
    "confusion_matrix": [
      [
        7961,
        16,
        10,
        20,
        1
      ],
      [
        51,
        10914,
        132,
        226,
        235
      ],
      [
        11,
        19,
        2072,
        5,
        5
      ],
      [
        0,
        33,
        3,
        507,
        39
      ],
      [
        0,
        2,
        0,
        1,
        15
      ]
    ],
    "confusion_matrix_labels": [
      "DoS",
      "Normal",
      "Probe",
      "R2L",
      "U2R"
    ]
  },
  "majority_voting": {
    "accuracy": 0.9938953227399228,
    "per_class": {
      "DoS": {
        "precision": 0.998876404494382,
        "recall": 0.9991258741258742,
        "f1": 0.9990011237357972
      },
      "Normal": {
        "precision": 0.9957494795281054,
        "recall": 0.9931649074234297,
        "f1": 0.9944555141644287
      },
      "Probe": {
        "precision": 0.9905793688177108,
        "recall": 0.9957386363636364,
        "f1": 0.9931523022432114
      },
      "R2L": {
        "precision": 0.9144295302013423,
        "recall": 0.936426116838488,
        "f1": 0.9252971137521222
      },
      "U2R": {
        "precision": 0.6666666666666666,
        "recall": 0.7777777777777778,
        "f1": 0.717948717948718
      }
    },
    "confusion_matrix": [
      [
        8001,
        4,
        3,
        0,
        0
      ],
      [
        9,
        11479,
        17,
        51,
        2
      ],
      [
        0,
        9,
        2103,
        0,
        0
      ],
      [
        0,
        32,
        0,
        545,
        5
      ],
      [
        0,
        4,
        0,
        0,
        14
      ]
    ],
    "confusion_matrix_labels": [
      "DoS",
      "Normal",
      "Probe",
      "R2L",
      "U2R"
    ]
  }
}