{
  "random_forest": {
    "accuracy": 0.9950623933925846,
    "per_class": {
      "DoS": {
        "precision": 0.9996251874062968,
        "recall": 0.9991258741258742,
        "f1": 0.999375468398701
      },
      "Normal": {
        "precision": 0.9937058113467839,
        "recall": 0.997144834746496,
        "f1": 0.9954223527379513
      },
      "Probe": {
        "precision": 0.993862134088763,
        "recall": 0.9966856060606061,
        "f1": 0.9952718676122931
      },
      "R2L": {
        "precision": 0.9688073394495413,
        "recall": 0.9072164948453608,
        "f1": 0.9370008873114463
      },
      "U2R": {
        "precision": 0.6923076923076923,
        "recall": 0.5,
        "f1": 0.5806451612903226
      }
    },
    "confusion_matrix": [
      [
        8001,
        6,
        1,
        0,
        0
      ],
      [
        3,
        11525,
        12,
        16,
        2
      ],
      [
        0,
        7,
        2105,
        0,
        0
      ],
      [
        0,
        52,
        0,
        528,
        2
      ],
      [
        0,
        8,
        0,
        1,
        9
      ]
    ],
    "confusion_matrix_labels": [
      "DoS",
      "Normal",
      "Probe",
      "R2L",
      "U2R"
    ]
  },
  "xgboost": {
    "accuracy": 0.9962294640452465,
    "per_class": {
      "DoS": {
        "precision": 0.9992509363295881,
        "recall": 0.9995004995004995,
        "f1": 0.9993757023348733
      },
      "Normal": {
        "precision": 0.9982640395798976,
        "recall": 0.9950683509257657,
        "f1": 0.9966636336063087
      },
      "Probe": {
        "precision": 0.9943342776203966,
        "recall": 0.9971590909090909,
        "f1": 0.9957446808510638
      },
      "R2L": {
        "precision": 0.9342105263157895,
        "recall": 0.9759450171821306,
        "f1": 0.9546218487394958
      },
      "U2R": {
        "precision": 0.7142857142857143,
        "recall": 0.8333333333333334,
        "f1": 0.7692307692307693
      }
    },
    "confusion_matrix": [
      [
        8004,
        3,
        1,
        0,
        0
      ],
      [
        5,
        11501,
        11,
        39,
        2
      ],
      [
        0,
        5,
        2106,
        1,
        0
      ],
      [
        0,
        10,
        0,
        568,
        4
      ],
      [
        1,
        2,
        0,
        0,
        15
      ]
    ],
    "confusion_matrix_labels": [
      "DoS",
      "Normal",
      "Probe",
      "R2L",
      "U2R"
    ]
  },
  "mlp": {
    "accuracy": 0.9672322470598798,
    "per_class": {
      "DoS": {
        "precision": 0.995369211514393,
        "recall": 0.9931318681318682,
        "f1": 0.994249281160145
      },
      "Normal": {
        "precision": 0.992512404149752,
        "recall": 0.9518947914864163,
        "f1": 0.971779357858941
      },
      "Probe": {
        "precision": 0.9348021582733813,
        "recall": 0.984375,
        "f1": 0.9589483394833949
      },
      "R2L": {
        "precision": 0.7182080924855492,
        "recall": 0.8539518900343642,
        "f1": 0.7802197802197802
      },
      "U2R": {
        "precision": 0.059233449477351915,
        "recall": 0.9444444444444444,
        "f1": 0.11147540983606558
      }
    },
    "confusion_matrix": [
      [
        7953,
        22,
        11,
        19,
        3
      ],
      [
        33,
        11002,
        132,
        171,
        220
      ],
      [
        4,
        15,
        2079,
        5,
        9
      ],
      [
        0,
        45,
        2,
        497,
        38
      ],
      [
        0,
        1,
        0,
        0,
        17
      ]
    ],
    "confusion_matrix_labels": [
      "DoS",
      "Normal",
      "Probe",
      "R2L",
      "U2R"
    ]
  },
  "majority_voting": {
    "accuracy": 0.9953317173893528,
    "per_class": {
      "DoS": {
        "precision": 0.999250842801848,
        "recall": 0.9993756243756243,
        "f1": 0.9993132296934507
      },
      "Normal": {
        "precision": 0.995674740484429,
        "recall": 0.9958470323585396,
        "f1": 0.995760878968769
      },
      "Probe": {
        "precision": 0.9924563884959925,
        "recall": 0.9966856060606061,
        "f1": 0.9945665012993149
      },
      "R2L": {
        "precision": 0.9541446208112875,
        "recall": 0.929553264604811,
        "f1": 0.9416884247171453
      },
      "U2R": {
        "precision": 0.7142857142857143,
        "recall": 0.8333333333333334,
        "f1": 0.7692307692307693
      }
    },
    "confusion_matrix": [
      [
        8003,
        4,
        1,
        0,
        0
      ],
      [
        5,
        11510,
        15,
        26,
        2
      ],
      [
        0,
        7,
        2105,
        0,
        0
      ],
      [
        0,
        37,
        0,
        541,
        4
      ],
      [
        1,
        2,
        0,
        0,
        15
      ]
    ],
    "confusion_matrix_labels": [
      "DoS",
      "Normal",
      "Probe",
      "R2L",
      "U2R"
    ]
  }
}