{
  "random_forest": {
    "accuracy": 0.9982556018966365,
    "per_class": {
      "BENIGN": {
        "precision": 0.9990081446582868,
        "recall": 0.9992940547966115,
        "f1": 0.9991510792739343
      },
      "Bot": {
        "precision": 0.8522727272727273,
        "recall": 0.7679180887372014,
        "f1": 0.8078994614003591
      },
      "DDoS": {
        "precision": 0.99984375,
        "recall": 0.999739610457244,
        "f1": 0.999791677516796
      },
      "DoS GoldenEye": {
        "precision": 0.9960912052117263,
        "recall": 0.9909267660401815,
        "f1": 0.9935022742040286
      },
      "DoS Hulk": {
        "precision": 0.998417049534767,
        "recall": 0.9974158213445443,
        "f1": 0.9979161843019217
      },
      "DoS Slowhttptest": {
        "precision": 0.9885204081632653,
        "recall": 0.9885204081632653,
        "f1": 0.9885204081632653
      },
      "DoS slowloris": {
        "precision": 0.9962779156327544,
        "recall": 0.9950433705080545,
        "f1": 0.9956602603843769
      },
      "FTP-Patator": {
        "precision": 1.0,
        "recall": 0.998876404494382,
        "f1": 0.9994378864530635
      },
      "Heartbleed": {
        "precision": 1.0,
        "recall": 1.0,
        "f1": 1.0
      },
      "Infiltration": {
        "precision": 1.0,
        "recall": 0.5,
        "f1": 0.6666666666666666
      },
      "PortScan": {
        "precision": 0.9897119341563786,
        "recall": 0.9886221830727446,
        "f1": 0.9891667584737982
      },
      "SSH-Patator": {
        "precision": 1.0,
        "recall": 0.9937888198757764,
        "f1": 0.9968847352024922
      },
      "Web Attack \ufffd Brute Force": {
        "precision": 0.7405857740585774,
        "recall": 0.8009049773755657,
        "f1": 0.7695652173913043
      },
      "Web Attack \ufffd Sql Injection": {
        "precision": 0.0,
        "recall": 0.0,
        "f1": 0.0
      },
      "Web Attack \ufffd XSS": {
        "precision": 0.4444444444444444,
        "recall": 0.3673469387755102,
        "f1": 0.4022346368715084
      }
    },
    "confusion_matrix": [
      [
        314250,
        39,
        3,
        0,
        32,
        6,
        1,
        0,
        0,
        0,
        139,
        0,
        0,
        0,
        2
      ],
      [
        68,
        225,
        0,
        0,
        0,
        0,
        0,
        0,
        0,
        0,
        0,
        0,
        0,
        0,
        0
      ],
      [
        3,
        0,
        19197,
        0,
        2,
        0,
        0,
        0,
        0,
        0,
        0,
        0,
        0,
        0,
        0
      ],
      [
        9,
        0,
        0,
        1529,
        4,
        1,
        0,
        0,
        0,
        0,
        0,
        0,
        0,
        0,
        0
      ],
      [
        60,
        0,
        0,
        6,
        25860,
        0,
        0,
        0,
        0,
        0,
        1,
        0,
        0,
        0,
        0
      ],
      [
        7,
        0,
        0,
        0,
        0,
        775,
        2,
        0,
        0,
        0,
        0,
        0,
        0,
        0,
        0
      ],
      [
        2,
        0,
        0,
        0,
        0,
        2,
        803,
        0,
        0,
        0,
        0,
        0,
        0,
        0,
        0
      ],
      [
        1,
        0,
        0,
        0,
        0,
        0,
        0,
        889,
        0,
        0,
        0,
        0,
        0,
        0,
        0
      ],
      [
        0,
        0,
        0,
        0,
        0,
        0,
        0,
        0,
        2,
        0,
        0,
        0,
        0,
        0,
        0
      ],
      [
        3,
        0,
        0,
        0,
        0,
        0,
        0,
        0,
        0,
        3,
        0,
        0,
        0,
        0,
        0
      ],
      [
        149,
        0,
        0,
        0,
        3,
        0,
        0,
        0,
        0,
        0,
        13468,
        0,
        1,
        0,
        2
      ],
      [
        3,
        0,
        0,
        0,
        0,
        0,
        0,
        0,
        0,
        0,
        0,
        480,
        0,
        0,
        0
      ],
      [
        3,
        0,
        0,
        0,
        0,
        0,
        0,
        0,
        0,
        0,
        0,
        0,
        177,
        0,
        41
      ],
      [
        1,
        0,
        0,
        0,
        0,
        0,
        0,
        0,
        0,
        0,
        0,
        0,
        2,
        0,
        0
      ],
      [
        3,
        0,
        0,
        0,
        0,
        0,
        0,
        0,
        0,
        0,
        0,
        0,
        59,
        0,
        36
      ]
    ],
    "confusion_matrix_labels": [
      "BENIGN",
      "Bot",
      "DDoS",
      "DoS GoldenEye",
      "DoS Hulk",
      "DoS Slowhttptest",
      "DoS slowloris",
      "FTP-Patator",
      "Heartbleed",
      "Infiltration",
      "PortScan",
      "SSH-Patator",
      "Web Attack \ufffd Brute Force",
      "Web Attack \ufffd Sql Injection",
      "Web Attack \ufffd XSS"
    ]
  },
  "xgboost": {
    "accuracy": 0.9908815553687816,
    "per_class": {
      "BENIGN": {
        "precision": 0.9953070912237834,
        "recall": 0.9947753695082551,
        "f1": 0.9950411593317812
      },
      "Bot": {
        "precision": 0.5129533678756477,
        "recall": 0.3378839590443686,
        "f1": 0.4074074074074074
      },
      "DDoS": {
        "precision": 0.9965107801270701,
        "recall": 0.9965107801270701,
        "f1": 0.9965107801270701
      },
      "DoS GoldenEye": {
        "precision": 0.924025974025974,
        "recall": 0.9222294232015554,
        "f1": 0.9231268245215699
      },
      "DoS Hulk": {
        "precision": 0.9865836684194247,
        "recall": 0.9841863694218382,
        "f1": 0.9853835608503408
      },
      "DoS Slowhttptest": {
        "precision": 0.7952559300873908,
        "recall": 0.8125,
        "f1": 0.8037854889589905
      },
      "DoS slowloris": {
        "precision": 0.8107502799552072,
        "recall": 0.8971499380421314,
        "f1": 0.851764705882353
      },
      "FTP-Patator": {
        "precision": 0.6864310148232611,
        "recall": 0.6764044943820224,
        "f1": 0.6813808715336729
      },
      "Heartbleed": {
        "precision": 0.0,
        "recall": 0.0,
        "f1": 0.0
      },
      "Infiltration": {
        "precision": 0.0,
        "recall": 0.0,
        "f1": 0.0
      },
      "PortScan": {
        "precision": 0.9781668986738955,
        "recall": 0.9800337664244293,
        "f1": 0.979099442651804
      },
      "SSH-Patator": {
        "precision": 0.8914405010438413,
        "recall": 0.8840579710144928,
        "f1": 0.8877338877338877
      },
      "Web Attack \ufffd Brute Force": {
        "precision": 0.5444015444015444,
        "recall": 0.6380090497737556,
        "f1": 0.5875
      },
      "Web Attack \ufffd Sql Injection": {
        "precision": 0.0,
        "recall": 0.0,
        "f1": 0.0
      },
      "Web Attack \ufffd XSS": {
        "precision": 0.25333333333333335,
        "recall": 0.19387755102040816,
        "f1": 0.21965317919075145
      }
    },