{
  "random_forest": {
    "accuracy": 0.9043678961808126,
    "per_class": {
      "Analysis": {
        "precision": 0.8461538461538461,
        "recall": 0.4852941176470588,
        "f1": 0.616822429906542
      },
      "Backdoors": {
        "precision": 0.6024096385542169,
        "recall": 0.3021148036253776,
        "f1": 0.4024144869215292
      },
      "DoS": {
        "precision": 0.7577782418041344,
        "recall": 0.7827868852459017,
        "f1": 0.770079575596817
      },
      "Exploits": {
        "precision": 0.6214160327677004,
        "recall": 0.8045454545454546,
        "f1": 0.70122152525586
      },
      "Fuzzers": {
        "precision": 0.35185185185185186,
        "recall": 0.3275862068965517,
        "f1": 0.3392857142857143
      },
      "Generic": {
        "precision": 0.8519793459552496,
        "recall": 0.7344213649851632,
        "f1": 0.7888446215139442
      },
      "Normal": {
        "precision": 0.9869732260775603,
        "recall": 0.9742814814814815,
        "f1": 0.9805862881340769
      },
      "Reconnaissance": {
        "precision": 0.6751633986928105,
        "recall": 0.5722991689750693,
        "f1": 0.6194902548725637
      },
      "Shellcode": {
        "precision": 0.32592592592592595,
        "recall": 0.1588447653429603,
        "f1": 0.21359223300970873
      },
      "Worms": {
        "precision": 0.5652173913043478,
        "recall": 0.3611111111111111,
        "f1": 0.4406779661016949
      }
    },
    "confusion_matrix": [
      [
        33,
        1,
        14,
        13,
        0,
        2,
        2,
        3,
        0,
        0
      ],
      [
        1,
        200,
        269,
        122,
        3,
        14,
        8,
        28,
        16,
        1
      ],
      [
        3,
        61,
        3629,
        577,
        11,
        21,
        101,
        215,
        13,
        5
      ],
      [
        0,
        22,
        311,
        3186,
        1,
        32,
        218,
        144,
        45,
        1
      ],
      [
        0,
        3,
        28,
        0,
        19,
        0,
        8,
        0,
        0,
        0
      ],
      [
        0,
        8,
        64,
        86,
        1,
        495,
        6,
        9,
        3,
        2
      ],
      [
        1,
        12,
        158,
        590,
        18,
        7,
        32882,
        73,
        8,
        1
      ],
      [
        1,
        13,
        265,
        407,
        1,
        3,
        76,
        1033,
        6,
        0
      ],
      [
        0,
        12,
        44,
        137,
        0,
        7,
        13,
        20,
        44,
        0
      ],
      [
        0,
        0,
        7,
        9,
        0,
        0,
        2,
        5,
        0,
        13
      ]
    ],
    "confusion_matrix_labels": [
      "Analysis",
      "Backdoors",
      "DoS",
      "Exploits",
      "Fuzzers",
      "Generic",
      "Normal",
      "Reconnaissance",
      "Shellcode",
      "Worms"
    ]
  },
  "xgboost": {
    "accuracy": 0.8858380873579236,
    "per_class": {
      "Analysis": {
        "precision": 0.35294117647058826,
        "recall": 0.5294117647058824,
        "f1": 0.4235294117647059
      },
      "Backdoors": {
        "precision": 0.36645962732919257,
        "recall": 0.44561933534743203,
        "f1": 0.4021813224267212
      },
      "DoS": {
        "precision": 0.8944020356234097,
        "recall": 0.6065573770491803,
        "f1": 0.722879177377892
      },
      "Exploits": {
        "precision": 0.6289805513998717,
        "recall": 0.7431818181818182,
        "f1": 0.6813288575066558
      },
      "Fuzzers": {
        "precision": 0.2727272727272727,
        "recall": 0.7241379310344828,
        "f1": 0.39622641509433965
      },
      "Generic": {
        "precision": 0.6764331210191082,
        "recall": 0.787833827893175,
        "f1": 0.7278958190541467
      },
      "Normal": {
        "precision": 0.9992335285280682,
        "recall": 0.9656888888888889,
        "f1": 0.9821748760679253
      },
      "Reconnaissance": {
        "precision": 0.4842186297151655,
        "recall": 0.6969529085872577,
        "f1": 0.5714285714285714
      },
      "Shellcode": {
        "precision": 0.17139737991266377,
        "recall": 0.5667870036101083,
        "f1": 0.26320201173512153
      },
      "Worms": {
        "precision": 0.1349206349206349,
        "recall": 0.4722222222222222,
        "f1": 0.20987654320987653
      }
    },
    "confusion_matrix": [
      [
        36,
        2,
        6,
        11,
        0,
        2,
        0,
        7,
        2,
        2
      ],
      [
        5,
        295,
        133,
        84,
        10,
        26,
        0,
        56,
        50,
        3
      ],
      [
        21,
        360,
        2812,
        494,
        49,
        120,
        5,
        561,
        184,
        30
      ],
      [
        15,
        59,
        68,
        2943,
        4,
        70,
        10,
        431,
        320,
        40
      ],
      [
        0,
        10,
        6,
        0,
        42,
        0,
        0,
        0,
        0,
        0
      ],
      [
        3,
        13,
        18,
        58,
        3,
        531,
        2,
        23,
        17,
        6
      ],
      [
        7,
        31,
        48,
        679,
        45,
        23,
        32592,
        214,
        99,
        12
      ],
      [
        11,
        30,
        44,
        346,
        1,
        8,
        8,
        1258,
        85,
        14
      ],
      [
        4,
        5,
        8,
        56,
        0,
        5,
        0,
        40,
        157,
        2
      ],
      [
        0,
        0,
        1,
        8,
        0,
        0,
        0,
        8,
        2,
        17
      ]
    ],
    "confusion_matrix_labels": [
      "Analysis",
      "Backdoors",
      "DoS",
      "Exploits",
      "Fuzzers",
      "Generic",
      "Normal",
      "Reconnaissance",
      "Shellcode",
      "Worms"
    ]
  },
  "mlp": {
    "accuracy": 0.8423768671340852,
    "per_class": {
      "Analysis": {
        "precision": 0.056282722513089,
        "recall": 0.6323529411764706,
        "f1": 0.10336538461538461
      },
      "Backdoors": {
        "precision": 0.2058165548098434,
        "recall": 0.13897280966767372,
        "f1": 0.1659152389540126
      },
      "DoS": {
        "precision": 0.836890243902439,
        "recall": 0.47368421052631576,
        "f1": 0.6049586776859505
      },
      "Exploits": {
        "precision": 0.5363924050632911,
        "recall": 0.5992424242424242,
        "f1": 0.5660782442748091
      },
      "Fuzzers": {
        "precision": 0.11422845691382766,
        "recall": 0.9827586206896551,
        "f1": 0.20466786355475763
      },
      "Generic": {
        "precision": 0.516297262059974,
        "recall": 0.5875370919881305,
        "f1": 0.549618320610687
      },
      "Normal": {
        "precision": 0.9998143104728894,
        "recall": 0.9572148148148149,
        "f1": 0.9780509218612818
      },
      "Reconnaissance": {
        "precision": 0.34291010194624655,
        "recall": 0.6149584487534626,
        "f1": 0.4403014676715589
      },
      "Shellcode": {
        "precision": 0.21428571428571427,
        "recall": 0.3574007220216607,
        "f1": 0.2679296346414073
      },
      "Worms": {
        "precision": 0.038461538461538464,
        "recall": 0.4166666666666667,
        "f1": 0.07042253521126761
      }
    },