{
  "random_forest": {
    "accuracy": 0.904041283804381,
    "per_class": {
      "Analysis": {
        "precision": 0.8292682926829268,
        "recall": 0.5,
        "f1": 0.6238532110091743
      },
      "Backdoors": {
        "precision": 0.6065573770491803,
        "recall": 0.2794561933534743,
        "f1": 0.3826266804550155
      },
      "DoS": {
        "precision": 0.7465866776996276,
        "recall": 0.7784728213977566,
        "f1": 0.7621964097148891
      },
      "Exploits": {
        "precision": 0.6241038558418911,
        "recall": 0.8133838383838384,
        "f1": 0.706282205898476
      },
      "Fuzzers": {
        "precision": 0.323943661971831,
        "recall": 0.39655172413793105,
        "f1": 0.35658914728682173
      },
      "Generic": {
        "precision": 0.8563922942206655,
        "recall": 0.7255192878338279,
        "f1": 0.7855421686746988
      },
      "Normal": {
        "precision": 0.9881560752720495,
        "recall": 0.9739851851851852,
        "f1": 0.9810194580398711
      },
      "Reconnaissance": {
        "precision": 0.6739130434782609,
        "recall": 0.5667590027700831,
        "f1": 0.6157086969605778
      },
      "Shellcode": {
        "precision": 0.3805970149253731,
        "recall": 0.18411552346570398,
        "f1": 0.24817518248175183
      },
      "Worms": {
        "precision": 0.48,
        "recall": 0.3333333333333333,
        "f1": 0.39344262295081966
      }
    },
    "confusion_matrix": [
      [
        34,
        2,
        18,
        9,
        0,
        0,
        3,
        2,
        0,
        0
      ],
      [
        2,
        185,
        283,
        124,
        4,
        14,
        9,
        27,
        13,
        1
      ],
      [
        3,
        57,
        3609,
        594,
        16,
        25,
        102,
        214,
        10,
        6
      ],
      [
        0,
        23,
        315,
        3221,
        3,
        29,
        177,
        150,
        40,
        2
      ],
      [
        0,
        1,
        30,
        0,
        23,
        0,
        4,
        0,
        0,
        0
      ],
      [
        0,
        9,
        65,
        85,
        0,
        489,
        11,
        10,
        3,
        2
      ],
      [
        1,
        7,
        170,
        595,
        24,
        6,
        32872,
        68,
        6,
        1
      ],
      [
        1,
        11,
        284,
        397,
        1,
        4,
        72,
        1023,
        11,
        1
      ],
      [
        0,
        10,
        50,
        130,
        0,
        4,
        13,
        19,
        51,
        0
      ],
      [
        0,
        0,
        10,
        6,
        0,
        0,
        3,
        5,
        0,
        12
      ]
    ],
    "confusion_matrix_labels": [
      "Analysis",
      "Backdoors",
      "DoS",
      "Exploits",
      "Fuzzers",
      "Generic",
      "Normal",
      "Reconnaissance",
      "Shellcode",
      "Worms"
    ]
  },
  "xgboost": {
    "accuracy": 0.8854243783477769,
    "per_class": {
      "Analysis": {
        "precision": 0.3486238532110092,
        "recall": 0.5588235294117647,
        "f1": 0.4293785310734463
      },
      "Backdoors": {
        "precision": 0.35192069392812886,
        "recall": 0.42900302114803623,
        "f1": 0.3866575901974132
      },
      "DoS": {
        "precision": 0.8931854199683043,
        "recall": 0.6078515962036238,
        "f1": 0.723398793479656
      },
      "Exploits": {
        "precision": 0.6304394890668976,
        "recall": 0.7353535353535353,
        "f1": 0.6788670008159459
      },
      "Fuzzers": {
        "precision": 0.27710843373493976,
        "recall": 0.7931034482758621,
        "f1": 0.4107142857142857
      },
      "Generic": {
        "precision": 0.6986666666666667,
        "recall": 0.7774480712166172,
        "f1": 0.7359550561797753
      },
      "Normal": {
        "precision": 0.9988669422753024,
        "recall": 0.9664592592592592,
        "f1": 0.9823959039228973
      },
      "Reconnaissance": {
        "precision": 0.48314606741573035,
        "recall": 0.6908587257617729,
        "f1": 0.5686274509803921
      },
      "Shellcode": {
        "precision": 0.16083916083916083,
        "recall": 0.5812274368231047,
        "f1": 0.2519561815336463
      },
      "Worms": {
        "precision": 0.1927710843373494,
        "recall": 0.4444444444444444,
        "f1": 0.2689075630252101
      }
    },
    "confusion_matrix": [
      [
        38,
        0,
        4,
        11,
        0,
        3,
        0,
        9,
        2,
        1
      ],
      [
        5,
        284,
        138,
        88,
        14,
        25,
        0,
        58,
        47,
        3
      ],
      [
        27,
        365,
        2818,
        516,
        51,
        116,
        9,
        518,
        200,
        16
      ],
      [
        17,
        58,
        65,
        2912,
        4,
        61,
        16,
        443,
        355,
        29
      ],
      [
        0,
        8,
        2,
        2,
        46,
        0,
        0,
        0,
        0,
        0
      ],
      [
        3,
        19,
        21,
        54,
        3,
        524,
        2,
        24,
        20,
        4
      ],
      [
        7,
        34,
        48,
        635,
        47,
        13,
        32618,
        233,
        111,
        4
      ],
      [
        10,
        32,
        49,
        339,
        1,
        5,
        10,
        1247,
        102,
        10
      ],
      [
        2,
        6,
        8,
        55,
        0,
        3,
        0,
        42,
        161,
        0
      ],
      [
        0,
        1,
        2,
        7,
        0,
        0,
        0,
        7,
        3,
        16
      ]
    ],
    "confusion_matrix_labels": [
      "Analysis",
      "Backdoors",
      "DoS",
      "Exploits",
      "Fuzzers",
      "Generic",
      "Normal",
      "Reconnaissance",
      "Shellcode",
      "Worms"
    ]
  },
  "mlp": {
    "accuracy": 0.8285720506902409,
    "per_class": {
      "Analysis": {
        "precision": 0.109717868338558,
        "recall": 0.5147058823529411,
        "f1": 0.18087855297157623
      },
      "Backdoors": {
        "precision": 0.14523809523809525,
        "recall": 0.18429003021148035,
        "f1": 0.16245006657789615
      },
      "DoS": {
        "precision": 0.8264663111972855,
        "recall": 0.3677739430543572,
        "f1": 0.5090311986863711
      },
      "Exploits": {
        "precision": 0.49842729252359064,
        "recall": 0.5202020202020202,
        "f1": 0.509081922649203
      },
      "Fuzzers": {
        "precision": 0.11538461538461539,
        "recall": 0.9827586206896551,
        "f1": 0.20652173913043478
      },
      "Generic": {
        "precision": 0.4203747072599532,
        "recall": 0.5326409495548962,
        "f1": 0.4698952879581152
      },
      "Normal": {
        "precision": 0.9999069565487082,
        "recall": 0.9552592592592593,
        "f1": 0.9770733259588138
      },
      "Reconnaissance": {
        "precision": 0.340414896275931,
        "recall": 0.7545706371191135,
        "f1": 0.4691698243196693
      },
      "Shellcode": {
        "precision": 0.17102966841186737,
        "recall": 0.35379061371841153,
        "f1": 0.23058823529411765
      },
      "Worms": {
        "precision": 0.03694581280788178,
        "recall": 0.4166666666666667,
        "f1": 0.06787330316742081
      }
    },