{
  "random_forest": {
    "accuracy": 0.9040630579628097,
    "per_class": {
      "Analysis": {
        "precision": 0.8918918918918919,
        "recall": 0.4852941176470588,
        "f1": 0.6285714285714286
      },
      "Backdoors": {
        "precision": 0.6148648648648649,
        "recall": 0.27492447129909364,
        "f1": 0.37995824634655534
      },
      "DoS": {
        "precision": 0.7518796992481203,
        "recall": 0.7765314926660914,
        "f1": 0.7640067911714771
      },
      "Exploits": {
        "precision": 0.614889183557492,
        "recall": 0.8196969696969697,
        "f1": 0.7026734495075224
      },
      "Fuzzers": {
        "precision": 0.3194444444444444,
        "recall": 0.39655172413793105,
        "f1": 0.35384615384615387
      },
      "Generic": {
        "precision": 0.8548951048951049,
        "recall": 0.7255192878338279,
        "f1": 0.7849117174959872
      },
      "Normal": {
        "precision": 0.9894565610314495,
        "recall": 0.9732148148148149,
        "f1": 0.9812684850476503
      },
      "Reconnaissance": {
        "precision": 0.67201540436457,
        "recall": 0.5800554016620498,
        "f1": 0.6226583407671722
      },
      "Shellcode": {
        "precision": 0.3853211009174312,
        "recall": 0.15162454873646208,
        "f1": 0.21761658031088082
      },
      "Worms": {
        "precision": 0.631578947368421,
        "recall": 0.3333333333333333,
        "f1": 0.43636363636363634
      }
    },
    "confusion_matrix": [
      [
        33,
        2,
        14,
        13,
        0,
        1,
        3,
        2,
        0,
        0
      ],
      [
        0,
        182,
        292,
        124,
        5,
        12,
        7,
        27,
        13,
        0
      ],
      [
        3,
        50,
        3600,
        626,
        16,
        22,
        86,
        219,
        8,
        6
      ],
      [
        0,
        20,
        300,
        3246,
        3,
        34,
        172,
        148,
        37,
        0
      ],
      [
        0,
        2,
        25,
        0,
        23,
        0,
        8,
        0,
        0,
        0
      ],
      [
        0,
        8,
        72,
        79,
        2,
        489,
        8,
        14,
        2,
        0
      ],
      [
        1,
        10,
        164,
        620,
        22,
        7,
        32846,
        77,
        2,
        1
      ],
      [
        0,
        12,
        270,
        412,
        1,
        2,
        56,
        1047,
        5,
        0
      ],
      [
        0,
        10,
        43,
        148,
        0,
        5,
        8,
        21,
        42,
        0
      ],
      [
        0,
        0,
        8,
        11,
        0,
        0,
        2,
        3,
        0,
        12
      ]
    ],
    "confusion_matrix_labels": [
      "Analysis",
      "Backdoors",
      "DoS",
      "Exploits",
      "Fuzzers",
      "Generic",
      "Normal",
      "Reconnaissance",
      "Shellcode",
      "Worms"
    ]
  },
  "xgboost": {
    "accuracy": 0.8846405086443409,
    "per_class": {
      "Analysis": {
        "precision": 0.28346456692913385,
        "recall": 0.5294117647058824,
        "f1": 0.36923076923076925
      },
      "Backdoors": {
        "precision": 0.3617283950617284,
        "recall": 0.4425981873111782,
        "f1": 0.39809782608695654
      },
      "DoS": {
        "precision": 0.8981362467866324,
        "recall": 0.6028904227782571,
        "f1": 0.7214765100671141
      },
      "Exploits": {
        "precision": 0.6383121232417951,
        "recall": 0.7219696969696969,
        "f1": 0.677568432278706
      },
      "Fuzzers": {
        "precision": 0.28402366863905326,
        "recall": 0.8275862068965517,
        "f1": 0.42290748898678415
      },
      "Generic": {
        "precision": 0.6961690885072656,
        "recall": 0.7818991097922848,
        "f1": 0.7365478686233403
      },
      "Normal": {
        "precision": 0.9992032849175706,
        "recall": 0.966162962962963,
        "f1": 0.9824053988912991
      },
      "Reconnaissance": {
        "precision": 0.4783743475018643,
        "recall": 0.710803324099723,
        "f1": 0.5718743035435703
      },
      "Shellcode": {
        "precision": 0.1555977229601518,
        "recall": 0.592057761732852,
        "f1": 0.2464312546957175
      },
      "Worms": {
        "precision": 0.14705882352941177,
        "recall": 0.4166666666666667,
        "f1": 0.21739130434782608
      }
    },
    "confusion_matrix": [
      [
        36,
        3,
        2,
        14,
        0,
        4,
        1,
        7,
        1,
        0
      ],
      [
        5,
        293,
        122,
        79,
        14,
        25,
        1,
        58,
        59,
        6
      ],
      [
        24,
        378,
        2795,
        459,
        54,
        114,
        5,
        579,
        201,
        27
      ],
      [
        26,
        61,
        69,
        2859,
        4,
        67,
        9,
        458,
        378,
        29
      ],
      [
        0,
        6,
        4,
        0,
        48,
        0,
        0,
        0,
        0,
        0
      ],
      [
        4,
        18,
        19,
        50,
        2,
        527,
        1,
        27,
        21,
        5
      ],
      [
        17,
        31,
        49,
        642,
        46,
        17,
        32608,
        218,
        115,
        7
      ],
      [
        11,
        15,
        43,
        317,
        1,
        1,
        9,
        1283,
        113,
        12
      ],
      [
        3,
        5,
        7,
        54,
        0,
        2,
        0,
        41,
        164,
        1
      ],
      [
        1,
        0,
        2,
        5,
        0,
        0,
        0,
        11,
        2,
        15
      ]
    ],
    "confusion_matrix_labels": [
      "Analysis",
      "Backdoors",
      "DoS",
      "Exploits",
      "Fuzzers",
      "Generic",
      "Normal",
      "Reconnaissance",
      "Shellcode",
      "Worms"
    ]
  },
  "mlp": {
    "accuracy": 0.8358228454470235,
    "per_class": {
      "Analysis": {
        "precision": 0.1069364161849711,
        "recall": 0.5441176470588235,
        "f1": 0.178743961352657
      },
      "Backdoors": {
        "precision": 0.25474254742547425,
        "recall": 0.1419939577039275,
        "f1": 0.18234723569350145
      },
      "DoS": {
        "precision": 0.809801633605601,
        "recall": 0.44909404659188956,
        "f1": 0.5777716109338144
      },
      "Exploits": {
        "precision": 0.5359458697490838,
        "recall": 0.48005050505050506,
        "f1": 0.5064606367390435
      },
      "Fuzzers": {
        "precision": 0.12391304347826088,
        "recall": 0.9827586206896551,
        "f1": 0.22007722007722008
      },
      "Generic": {
        "precision": 0.43612334801762115,
        "recall": 0.5875370919881305,
        "f1": 0.5006321112515802
      },
      "Normal": {
        "precision": 0.9999069825127124,
        "recall": 0.9555259259259259,
        "f1": 0.9772128117329778
      },
      "Reconnaissance": {
        "precision": 0.3477944740668929,
        "recall": 0.7950138504155124,
        "f1": 0.4838981621986174
      },
      "Shellcode": {
        "precision": 0.16620111731843576,
        "recall": 0.4296028880866426,
        "f1": 0.23967774420946628
      },
      "Worms": {
        "precision": 0.025356576862123614,
        "recall": 0.4444444444444444,
        "f1": 0.047976011994003
      }
    },