{
  "random_forest": {
    "accuracy": 0.9054348299438226,
    "per_class": {
      "Analysis": {
        "precision": 0.868421052631579,
        "recall": 0.4852941176470588,
        "f1": 0.6226415094339622
      },
      "Backdoors": {
        "precision": 0.6175548589341693,
        "recall": 0.297583081570997,
        "f1": 0.4016309887869521
      },
      "DoS": {
        "precision": 0.7591699853280235,
        "recall": 0.7812769628990509,
        "f1": 0.7700648453279473
      },
      "Exploits": {
        "precision": 0.6142589118198875,
        "recall": 0.8267676767676768,
        "f1": 0.7048439181916039
      },
      "Fuzzers": {
        "precision": 0.3888888888888889,
        "recall": 0.4827586206896552,
        "f1": 0.4307692307692308
      },
      "Generic": {
        "precision": 0.8537005163511188,
        "recall": 0.7359050445103857,
        "f1": 0.7904382470119522
      },
      "Normal": {
        "precision": 0.9907060953530477,
        "recall": 0.9728,
        "f1": 0.9816714008072955
      },
      "Reconnaissance": {
        "precision": 0.6809895833333334,
        "recall": 0.5795013850415512,
        "f1": 0.6261598323855133
      },
      "Shellcode": {
        "precision": 0.36752136752136755,
        "recall": 0.1552346570397112,
        "f1": 0.2182741116751269
      },
      "Worms": {
        "precision": 0.5454545454545454,
        "recall": 0.3333333333333333,
        "f1": 0.41379310344827586
      }
    },
    "confusion_matrix": [
      [
        33,
        0,
        18,
        11,
        0,
        1,
        2,
        3,
        0,
        0
      ],
      [
        1,
        197,
        273,
        124,
        4,
        12,
        7,
        30,
        14,
        0
      ],
      [
        2,
        61,
        3622,
        610,
        17,
        24,
        69,
        218,
        7,
        6
      ],
      [
        0,
        18,
        302,
        3274,
        1,
        34,
        154,
        133,
        43,
        1
      ],
      [
        0,
        2,
        24,
        0,
        28,
        0,
        4,
        0,
        0,
        0
      ],
      [
        0,
        8,
        65,
        80,
        1,
        496,
        8,
        13,
        1,
        2
      ],
      [
        1,
        9,
        161,
        641,
        20,
        8,
        32832,
        73,
        4,
        1
      ],
      [
        1,
        11,
        257,
        426,
        1,
        1,
        57,
        1046,
        5,
        0
      ],
      [
        0,
        13,
        42,
        151,
        0,
        5,
        6,
        17,
        43,
        0
      ],
      [
        0,
        0,
        7,
        13,
        0,
        0,
        1,
        3,
        0,
        12
      ]
    ],
    "confusion_matrix_labels": [
      "Analysis",
      "Backdoors",
      "DoS",
      "Exploits",
      "Fuzzers",
      "Generic",
      "Normal",
      "Reconnaissance",
      "Shellcode",
      "Worms"
    ]
  },
  "xgboost": {
    "accuracy": 0.8864259896355006,
    "per_class": {
      "Analysis": {
        "precision": 0.3275862068965517,
        "recall": 0.5588235294117647,
        "f1": 0.41304347826086957
      },
      "Backdoors": {
        "precision": 0.3564476885644769,
        "recall": 0.4425981873111782,
        "f1": 0.3948787061994609
      },
      "DoS": {
        "precision": 0.8849193803351248,
        "recall": 0.6037532355478861,
        "f1": 0.7177843313245288
      },
      "Exploits": {
        "precision": 0.6245826377295493,
        "recall": 0.7558080808080808,
        "f1": 0.6839579524680073
      },
      "Fuzzers": {
        "precision": 0.2830188679245283,
        "recall": 0.7758620689655172,
        "f1": 0.4147465437788018
      },
      "Generic": {
        "precision": 0.7013157894736842,
        "recall": 0.7908011869436202,
        "f1": 0.7433751743375174
      },
      "Normal": {
        "precision": 0.999080459770115,
        "recall": 0.9657777777777777,
        "f1": 0.9821468926553673
      },
      "Reconnaissance": {
        "precision": 0.4936558287073751,
        "recall": 0.6897506925207756,
        "f1": 0.5754564363300207
      },
      "Shellcode": {
        "precision": 0.17511520737327188,
        "recall": 0.5487364620938628,
        "f1": 0.26550218340611353
      },
      "Worms": {
        "precision": 0.1717171717171717,
        "recall": 0.4722222222222222,
        "f1": 0.2518518518518518
      }
    },
    "confusion_matrix": [
      [
        38,
        1,
        4,
        14,
        0,
        3,
        1,
        4,
        2,
        1
      ],
      [
        7,
        293,
        137,
        83,
        12,
        22,
        0,
        58,
        46,
        4
      ],
      [
        31,
        395,
        2799,
        527,
        49,
        107,
        6,
        530,
        176,
        16
      ],
      [
        17,
        50,
        82,
        2993,
        4,
        70,
        12,
        402,
        293,
        37
      ],
      [
        0,
        6,
        7,
        0,
        45,
        0,
        0,
        0,
        0,
        0
      ],
      [
        2,
        16,
        24,
        47,
        2,
        533,
        2,
        25,
        20,
        3
      ],
      [
        8,
        33,
        48,
        701,
        46,
        16,
        32595,
        211,
        84,
        8
      ],
      [
        10,
        23,
        49,
        358,
        1,
        5,
        9,
        1245,
        93,
        12
      ],
      [
        2,
        5,
        12,
        62,
        0,
        3,
        0,
        40,
        152,
        1
      ],
      [
        1,
        0,
        1,
        7,
        0,
        1,
        0,
        7,
        2,
        17
      ]
    ],
    "confusion_matrix_labels": [
      "Analysis",
      "Backdoors",
      "DoS",
      "Exploits",
      "Fuzzers",
      "Generic",
      "Normal",
      "Reconnaissance",
      "Shellcode",
      "Worms"
    ]
  },
  "mlp": {
    "accuracy": 0.8354962330705918,
    "per_class": {
      "Analysis": {
        "precision": 0.0921409214092141,
        "recall": 0.5,
        "f1": 0.15560640732265446
      },
      "Backdoors": {
        "precision": 0.19791666666666666,
        "recall": 0.20090634441087613,
        "f1": 0.19940029985007496
      },
      "DoS": {
        "precision": 0.8696592752839373,
        "recall": 0.3468507333908542,
        "f1": 0.4959136468774094
      },
      "Exploits": {
        "precision": 0.4922732818218788,
        "recall": 0.6113636363636363,
        "f1": 0.5453931065555305
      },
      "Fuzzers": {
        "precision": 0.1258426966292135,
        "recall": 0.9655172413793104,
        "f1": 0.22266401590457258
      },
      "Generic": {
        "precision": 0.4563679245283019,
        "recall": 0.5741839762611276,
        "f1": 0.5085413929040736
      },
      "Normal": {
        "precision": 0.9997210167389956,
        "recall": 0.9555851851851852,
        "f1": 0.9771549765187093
      },
      "Reconnaissance": {
        "precision": 0.36094520903661387,
        "recall": 0.7700831024930748,
        "f1": 0.4915134370579915
      },
      "Shellcode": {
        "precision": 0.25333333333333335,
        "recall": 0.2743682310469314,
        "f1": 0.2634315424610052
      },
      "Worms": {
        "precision": 0.036231884057971016,
        "recall": 0.4166666666666667,
        "f1": 0.06666666666666667
      }
    },