{
  "random_forest": {
    "accuracy": 0.9049993467752472,
    "per_class": {
      "Analysis": {
        "precision": 0.8292682926829268,
        "recall": 0.5,
        "f1": 0.6238532110091743
      },
      "Backdoors": {
        "precision": 0.6325878594249201,
        "recall": 0.2990936555891239,
        "f1": 0.40615384615384614
      },
      "DoS": {
        "precision": 0.7560823456019963,
        "recall": 0.7842968075927523,
        "f1": 0.7699311805187931
      },
      "Exploits": {
        "precision": 0.613439033597584,
        "recall": 0.8207070707070707,
        "f1": 0.7020954849859581
      },
      "Fuzzers": {
        "precision": 0.33783783783783783,
        "recall": 0.43103448275862066,
        "f1": 0.3787878787878788
      },
      "Generic": {
        "precision": 0.8544520547945206,
        "recall": 0.7403560830860534,
        "f1": 0.7933227344992051
      },
      "Normal": {
        "precision": 0.9908846699465758,
        "recall": 0.9727111111111111,
        "f1": 0.9817137901646208
      },
      "Reconnaissance": {
        "precision": 0.6740403383214053,
        "recall": 0.5739612188365651,
        "f1": 0.6199880311190904
      },
      "Shellcode": {
        "precision": 0.3728813559322034,
        "recall": 0.1588447653429603,
        "f1": 0.22278481012658227
      },
      "Worms": {
        "precision": 0.5714285714285714,
        "recall": 0.3333333333333333,
        "f1": 0.42105263157894735
      }
    },
    "confusion_matrix": [
      [
        34,
        2,
        15,
        12,
        0,
        0,
        2,
        3,
        0,
        0
      ],
      [
        2,
        198,
        269,
        124,
        6,
        13,
        8,
        30,
        12,
        0
      ],
      [
        3,
        54,
        3636,
        605,
        14,
        25,
        66,
        221,
        7,
        5
      ],
      [
        0,
        18,
        315,
        3250,
        3,
        33,
        151,
        148,
        41,
        1
      ],
      [
        0,
        1,
        26,
        0,
        25,
        0,
        6,
        0,
        0,
        0
      ],
      [
        0,
        7,
        66,
        79,
        1,
        499,
        7,
        11,
        2,
        2
      ],
      [
        1,
        9,
        159,
        647,
        24,
        7,
        32829,
        69,
        4,
        1
      ],
      [
        1,
        11,
        267,
        425,
        1,
        3,
        53,
        1036,
        8,
        0
      ],
      [
        0,
        13,
        49,
        144,
        0,
        4,
        7,
        16,
        44,
        0
      ],
      [
        0,
        0,
        7,
        12,
        0,
        0,
        2,
        3,
        0,
        12
      ]
    ],
    "confusion_matrix_labels": [
      "Analysis",
      "Backdoors",
      "DoS",
      "Exploits",
      "Fuzzers",
      "Generic",
      "Normal",
      "Reconnaissance",
      "Shellcode",
      "Worms"
    ]
  },
  "xgboost": {
    "accuracy": 0.8864259896355006,
    "per_class": {
      "Analysis": {
        "precision": 0.3275862068965517,
        "recall": 0.5588235294117647,
        "f1": 0.41304347826086957
      },
      "Backdoors": {
        "precision": 0.3564476885644769,
        "recall": 0.4425981873111782,
        "f1": 0.3948787061994609
      },
      "DoS": {
        "precision": 0.8849193803351248,
        "recall": 0.6037532355478861,
        "f1": 0.7177843313245288
      },
      "Exploits": {
        "precision": 0.6245826377295493,
        "recall": 0.7558080808080808,
        "f1": 0.6839579524680073
      },
      "Fuzzers": {
        "precision": 0.2830188679245283,
        "recall": 0.7758620689655172,
        "f1": 0.4147465437788018
      },
      "Generic": {
        "precision": 0.7013157894736842,
        "recall": 0.7908011869436202,
        "f1": 0.7433751743375174
      },
      "Normal": {
        "precision": 0.999080459770115,
        "recall": 0.9657777777777777,
        "f1": 0.9821468926553673
      },
      "Reconnaissance": {
        "precision": 0.4936558287073751,
        "recall": 0.6897506925207756,
        "f1": 0.5754564363300207
      },
      "Shellcode": {
        "precision": 0.17511520737327188,
        "recall": 0.5487364620938628,
        "f1": 0.26550218340611353
      },
      "Worms": {
        "precision": 0.1717171717171717,
        "recall": 0.4722222222222222,
        "f1": 0.2518518518518518
      }
    },
    "confusion_matrix": [
      [
        38,
        1,
        4,
        14,
        0,
        3,
        1,
        4,
        2,
        1
      ],
      [
        7,
        293,
        137,
        83,
        12,
        22,
        0,
        58,
        46,
        4
      ],
      [
        31,
        395,
        2799,
        527,
        49,
        107,
        6,
        530,
        176,
        16
      ],
      [
        17,
        50,
        82,
        2993,
        4,
        70,
        12,
        402,
        293,
        37
      ],
      [
        0,
        6,
        7,
        0,
        45,
        0,
        0,
        0,
        0,
        0
      ],
      [
        2,
        16,
        24,
        47,
        2,
        533,
        2,
        25,
        20,
        3
      ],
      [
        8,
        33,
        48,
        701,
        46,
        16,
        32595,
        211,
        84,
        8
      ],
      [
        10,
        23,
        49,
        358,
        1,
        5,
        9,
        1245,
        93,
        12
      ],
      [
        2,
        5,
        12,
        62,
        0,
        3,
        0,
        40,
        152,
        1
      ],
      [
        1,
        0,
        1,
        7,
        0,
        1,
        0,
        7,
        2,
        17
      ]
    ],
    "confusion_matrix_labels": [
      "Analysis",
      "Backdoors",
      "DoS",
      "Exploits",
      "Fuzzers",
      "Generic",
      "Normal",
      "Reconnaissance",
      "Shellcode",
      "Worms"
    ]
  },
  "mlp": {
    "accuracy": 0.8305099507904019,
    "per_class": {
      "Analysis": {
        "precision": 0.11560693641618497,
        "recall": 0.5882352941176471,
        "f1": 0.1932367149758454
      },
      "Backdoors": {
        "precision": 0.1950261780104712,
        "recall": 0.22507552870090636,
        "f1": 0.20897615708274894
      },
      "DoS": {
        "precision": 0.8743430482560918,
        "recall": 0.39473684210526316,
        "f1": 0.5439144003566652
      },
      "Exploits": {
        "precision": 0.5875432525951557,
        "recall": 0.4287878787878788,
        "f1": 0.49576642335766424
      },
      "Fuzzers": {
        "precision": 0.13317757009345793,
        "recall": 0.9827586206896551,
        "f1": 0.2345679012345679
      },
      "Generic": {
        "precision": 0.4921052631578947,
        "recall": 0.5548961424332344,
        "f1": 0.5216178521617852
      },
      "Normal": {
        "precision": 0.9997522529497384,
        "recall": 0.9565333333333333,
        "f1": 0.9776653896821671
      },
      "Reconnaissance": {
        "precision": 0.3200656544932294,
        "recall": 0.8642659279778393,
        "f1": 0.4671357987722713
      },
      "Shellcode": {
        "precision": 0.14255543822597677,
        "recall": 0.48736462093862815,
        "f1": 0.22058823529411764
      },
      "Worms": {
        "precision": 0.0300187617260788,
        "recall": 0.4444444444444444,
        "f1": 0.056239015817223195
      }
    },