{
  "random_forest": {
    "accuracy": 0.9008840308322084,
    "per_class": {
      "Analysis": {
        "precision": 0.8421052631578947,
        "recall": 0.47058823529411764,
        "f1": 0.6037735849056604
      },
      "Backdoors": {
        "precision": 0.5697211155378487,
        "recall": 0.21601208459214502,
        "f1": 0.3132530120481928
      },
      "DoS": {
        "precision": 0.7255095982584603,
        "recall": 0.7907679033649698,
        "f1": 0.7567344411187945
      },
      "Exploits": {
        "precision": 0.6177394034536892,
        "recall": 0.794949494949495,
        "f1": 0.6952296819787986
      },
      "Fuzzers": {
        "precision": 0.3333333333333333,
        "recall": 0.3103448275862069,
        "f1": 0.32142857142857145
      },
      "Generic": {
        "precision": 0.8401486988847584,
        "recall": 0.6706231454005934,
        "f1": 0.7458745874587459
      },
      "Normal": {
        "precision": 0.9885085133265147,
        "recall": 0.9736296296296296,
        "f1": 0.9810126582278481
      },
      "Reconnaissance": {
        "precision": 0.6618229854689565,
        "recall": 0.5551246537396122,
        "f1": 0.6037963241940344
      },
      "Shellcode": {
        "precision": 0.34782608695652173,
        "recall": 0.1444043321299639,
        "f1": 0.20408163265306123
      },
      "Worms": {
        "precision": 0.52,
        "recall": 0.3611111111111111,
        "f1": 0.4262295081967213
      }
    },
    "confusion_matrix": [
      [
        32,
        1,
        15,
        15,
        0,
        1,
        2,
        2,
        0,
        0
      ],
      [
        0,
        143,
        323,
        114,
        5,
        15,
        11,
        37,
        14,
        0
      ],
      [
        3,
        45,
        3666,
        588,
        11,
        23,
        83,
        205,
        7,
        5
      ],
      [
        0,
        23,
        365,
        3148,
        2,
        32,
        187,
        162,
        37,
        4
      ],
      [
        0,
        1,
        30,
        0,
        18,
        0,
        9,
        0,
        0,
        0
      ],
      [
        1,
        10,
        101,
        88,
        1,
        452,
        6,
        12,
        1,
        2
      ],
      [
        1,
        10,
        188,
        591,
        16,
        6,
        32860,
        70,
        7,
        1
      ],
      [
        1,
        6,
        310,
        398,
        1,
        4,
        74,
        1002,
        9,
        0
      ],
      [
        0,
        12,
        47,
        144,
        0,
        5,
        10,
        19,
        40,
        0
      ],
      [
        0,
        0,
        8,
        10,
        0,
        0,
        0,
        5,
        0,
        13
      ]
    ],
    "confusion_matrix_labels": [
      "Analysis",
      "Backdoors",
      "DoS",
      "Exploits",
      "Fuzzers",
      "Generic",
      "Normal",
      "Reconnaissance",
      "Shellcode",
      "Worms"
    ]
  },
  "xgboost": {
    "accuracy": 0.8768018116099813,
    "per_class": {
      "Analysis": {
        "precision": 0.2147239263803681,
        "recall": 0.5147058823529411,
        "f1": 0.30303030303030304
      },
      "Backdoors": {
        "precision": 0.3352941176470588,
        "recall": 0.43051359516616317,
        "f1": 0.376984126984127
      },
      "DoS": {
        "precision": 0.8943710910354413,
        "recall": 0.5552200172562554,
        "f1": 0.6851211072664359
      },
      "Exploits": {
        "precision": 0.6192680776014109,
        "recall": 0.7093434343434344,
        "f1": 0.6612523540489642
      },
      "Fuzzers": {
        "precision": 0.26455026455026454,
        "recall": 0.8620689655172413,
        "f1": 0.4048582995951417
      },
      "Generic": {
        "precision": 0.6517857142857143,
        "recall": 0.7581602373887241,
        "f1": 0.700960219478738
      },
      "Normal": {
        "precision": 0.9995088710172509,
        "recall": 0.9648,
        "f1": 0.9818477867567241
      },
      "Reconnaissance": {
        "precision": 0.47635135135135137,
        "recall": 0.7030470914127424,
        "f1": 0.5679122846274335
      },
      "Shellcode": {
        "precision": 0.1429872495446266,
        "recall": 0.5667870036101083,
        "f1": 0.22836363636363635
      },
      "Worms": {
        "precision": 0.08602150537634409,
        "recall": 0.4444444444444444,
        "f1": 0.14414414414414414
      }
    },
    "confusion_matrix": [
      [
        35,
        2,
        2,
        11,
        1,
        5,
        0,
        9,
        2,
        1
      ],
      [
        8,
        285,
        114,
        80,
        15,
        29,
        0,
        63,
        64,
        4
      ],
      [
        43,
        440,
        2574,
        518,
        63,
        158,
        4,
        588,
        198,
        50
      ],
      [
        35,
        54,
        70,
        2809,
        3,
        67,
        7,
        426,
        428,
        61
      ],
      [
        0,
        7,
        0,
        0,
        50,
        0,
        0,
        1,
        0,
        0
      ],
      [
        4,
        22,
        25,
        52,
        2,
        511,
        1,
        32,
        21,
        4
      ],
      [
        16,
        23,
        47,
        688,
        54,
        11,
        32562,
        214,
        112,
        23
      ],
      [
        20,
        13,
        37,
        320,
        1,
        1,
        4,
        1269,
        114,
        26
      ],
      [
        1,
        3,
        8,
        50,
        0,
        2,
        0,
        55,
        157,
        1
      ],
      [
        1,
        1,
        1,
        8,
        0,
        0,
        0,
        7,
        2,
        16
      ]
    ],
    "confusion_matrix_labels": [
      "Analysis",
      "Backdoors",
      "DoS",
      "Exploits",
      "Fuzzers",
      "Generic",
      "Normal",
      "Reconnaissance",
      "Shellcode",
      "Worms"
    ]
  },
  "mlp": {
    "accuracy": 0.828550276531812,
    "per_class": {
      "Analysis": {
        "precision": 0.11627906976744186,
        "recall": 0.5882352941176471,
        "f1": 0.1941747572815534
      },
      "Backdoors": {
        "precision": 0.22388059701492538,
        "recall": 0.18126888217522658,
        "f1": 0.2003338898163606
      },
      "DoS": {
        "precision": 0.8263888888888888,
        "recall": 0.41069887834339946,
        "f1": 0.5487031700288184
      },
      "Exploits": {
        "precision": 0.4597361237488626,
        "recall": 0.5103535353535353,
        "f1": 0.48372426998563905
      },
      "Fuzzers": {
        "precision": 0.1590909090909091,
        "recall": 0.9655172413793104,
        "f1": 0.2731707317073171
      },
      "Generic": {
        "precision": 0.35221238938053095,
        "recall": 0.5905044510385756,
        "f1": 0.44124168514412415
      },
      "Normal": {
        "precision": 0.999721396731055,
        "recall": 0.9568888888888889,
        "f1": 0.977836315741666
      },
      "Reconnaissance": {
        "precision": 0.3604373078237103,
        "recall": 0.5844875346260388,
        "f1": 0.4459002535925613
      },
      "Shellcode": {
        "precision": 0.1126331811263318,
        "recall": 0.5342960288808665,
        "f1": 0.18604651162790697
      },
      "Worms": {
        "precision": 0.047021943573667714,
        "recall": 0.4166666666666667,
        "f1": 0.08450704225352113
      }
    },