{
  "random_forest": {
    "accuracy": 0.9953317173893528,
    "per_class": {
      "DoS": {
        "precision": 0.9996251405722854,
        "recall": 0.999000999000999,
        "f1": 0.999312972331522
      },
      "Normal": {
        "precision": 0.994050185392774,
        "recall": 0.9974043952240872,
        "f1": 0.9957244655581948
      },
      "Probe": {
        "precision": 0.9952696310312205,
        "recall": 0.9962121212121212,
        "f1": 0.995740653099858
      },
      "R2L": {
        "precision": 0.969147005444646,
        "recall": 0.9175257731958762,
        "f1": 0.942630185348632
      },
      "U2R": {
        "precision": 0.6153846153846154,
        "recall": 0.4444444444444444,
        "f1": 0.5161290322580645
      }
    },
    "confusion_matrix": [
      [
        8000,
        6,
        2,
        0,
        0
      ],
      [
        3,
        11528,
        8,
        17,
        2
      ],
      [
        0,
        8,
        2104,
        0,
        0
      ],
      [
        0,
        45,
        0,
        534,
        3
      ],
      [
        0,
        10,
        0,
        0,
        8
      ]
    ],
    "confusion_matrix_labels": [
      "DoS",
      "Normal",
      "Probe",
      "R2L",
      "U2R"
    ]
  },
  "xgboost": {
    "accuracy": 0.996139689379657,
    "per_class": {
      "DoS": {
        "precision": 0.9995005618678986,
        "recall": 0.9996253746253746,
        "f1": 0.9995629643503777
      },
      "Normal": {
        "precision": 0.998696558915537,
        "recall": 0.994376189652189,
        "f1": 0.9965316916673892
      },
      "Probe": {
        "precision": 0.9957487009919698,
        "recall": 0.9981060606060606,
        "f1": 0.9969259872310239
      },
      "R2L": {
        "precision": 0.9192245557350566,
        "recall": 0.9776632302405498,
        "f1": 0.9475437135720233
      },
      "U2R": {
        "precision": 0.68,
        "recall": 0.9444444444444444,
        "f1": 0.7906976744186046
      }
    },
    "confusion_matrix": [
      [
        8005,
        2,
        1,
        0,
        0
      ],
      [
        4,
        11493,
        8,
        49,
        4
      ],
      [
        0,
        3,
        2108,
        1,
        0
      ],
      [
        0,
        9,
        0,
        569,
        4
      ],
      [
        0,
        1,
        0,
        0,
        17
      ]
    ],
    "confusion_matrix_labels": [
      "DoS",
      "Normal",
      "Probe",
      "R2L",
      "U2R"
    ]
  },
  "mlp": {
    "accuracy": 0.9679504443845947,
    "per_class": {
      "DoS": {
        "precision": 0.9963786213786214,
        "recall": 0.9963786213786214,
        "f1": 0.9963786213786214
      },
      "Normal": {
        "precision": 0.9942091929062613,
        "recall": 0.950683509257657,
        "f1": 0.9719593100398054
      },
      "Probe": {
        "precision": 0.9485294117647058,
        "recall": 0.9772727272727273,
        "f1": 0.9626865671641791
      },
      "R2L": {
        "precision": 0.7024456521739131,
        "recall": 0.8883161512027491,
        "f1": 0.7845220030349014
      },
      "U2R": {
        "precision": 0.05228758169934641,
        "recall": 0.8888888888888888,
        "f1": 0.09876543209876543
      }
    },
    "confusion_matrix": [
      [
        7979,
        13,
        4,
        11,
        1
      ],
      [
        23,
        10988,
        107,
        205,
        235
      ],
      [
        5,
        17,
        2064,
        3,
        23
      ],
      [
        1,
        32,
        1,
        517,
        31
      ],
      [
        0,
        2,
        0,
        0,
        16
      ]
    ],
    "confusion_matrix_labels": [
      "DoS",
      "Normal",
      "Probe",
      "R2L",
      "U2R"
    ]
  },
  "majority_voting": {
    "accuracy": 0.9953317173893528,
    "per_class": {
      "DoS": {
        "precision": 0.9996253278381416,
        "recall": 0.9995004995004995,
        "f1": 0.9995629097720886
      },
      "Normal": {
        "precision": 0.9961894864466961,
        "recall": 0.9952413912441599,
        "f1": 0.9957152131573253
      },
      "Probe": {
        "precision": 0.9943316013226263,
        "recall": 0.9966856060606061,
        "f1": 0.9955072121068811
      },
      "R2L": {
        "precision": 0.9365351629502573,
        "recall": 0.9381443298969072,
        "f1": 0.9373390557939915
      },
      "U2R": {
        "precision": 0.6666666666666666,
        "recall": 0.8888888888888888,
        "f1": 0.7619047619047619
      }
    },
    "confusion_matrix": [
      [
        8004,
        3,
        1,
        0,
        0
      ],
      [
        3,
        11503,
        11,
        37,
        4
      ],
      [
        0,
        7,
        2105,
        0,
        0
      ],
      [
        0,
        32,
        0,
        546,
        4
      ],
      [
        0,
        2,
        0,
        0,
        16
      ]
    ],
    "confusion_matrix_labels": [
      "DoS",
      "Normal",
      "Probe",
      "R2L",
      "U2R"
    ]
  }
}