{
  "random_forest": {
    "accuracy": 0.9938055480743334,
    "per_class": {
      "DoS": {
        "precision": 0.9957653506040602,
        "recall": 0.9983766233766234,
        "f1": 0.9970692772962524
      },
      "Normal": {
        "precision": 0.9943926846100759,
        "recall": 0.9973178750648901,
        "f1": 0.99585313174946
      },
      "Probe": {
        "precision": 0.9928400954653938,
        "recall": 0.9848484848484849,
        "f1": 0.9888281435702401
      },
      "R2L": {
        "precision": 0.9654545454545455,
        "recall": 0.9123711340206185,
        "f1": 0.9381625441696113
      },
      "U2R": {
        "precision": 0.5833333333333334,
        "recall": 0.3888888888888889,
        "f1": 0.4666666666666667
      }
    },
    "confusion_matrix": [
      [
        7995,
        6,
        6,
        1,
        0
      ],
      [
        4,
        11527,
        9,
        16,
        2
      ],
      [
        23,
        8,
        2080,
        1,
        0
      ],
      [
        7,
        41,
        0,
        531,
        3
      ],
      [
        0,
        10,
        0,
        1,
        7
      ]
    ],
    "confusion_matrix_labels": [
      "DoS",
      "Normal",
      "Probe",
      "R2L",
      "U2R"
    ]
  },
  "xgboost": {
    "accuracy": 0.9925038154232876,
    "per_class": {
      "DoS": {
        "precision": 0.9991242337044914,
        "recall": 0.9972527472527473,
        "f1": 0.9981876132741704
      },
      "Normal": {
        "precision": 0.9979064898813678,
        "recall": 0.989790621214743,
        "f1": 0.9938319867952393
      },
      "Probe": {
        "precision": 0.9813432835820896,
        "recall": 0.9962121212121212,
        "f1": 0.9887218045112782
      },
      "R2L": {
        "precision": 0.864329268292683,
        "recall": 0.9742268041237113,
        "f1": 0.9159935379644588
      },
      "U2R": {
        "precision": 0.6666666666666666,
        "recall": 0.7777777777777778,
        "f1": 0.717948717948718
      }
    },
    "confusion_matrix": [
      [
        7986,
        3,
        16,
        2,
        1
      ],
      [
        6,
        11440,
        24,
        85,
        3
      ],
      [
        0,
        7,
        2104,
        1,
        0
      ],
      [
        1,
        11,
        0,
        567,
        3
      ],
      [
        0,
        3,
        0,
        1,
        14
      ]
    ],
    "confusion_matrix_labels": [
      "DoS",
      "Normal",
      "Probe",
      "R2L",
      "U2R"
    ]
  },
  "mlp": {
    "accuracy": 0.9604991471406769,
    "per_class": {
      "DoS": {
        "precision": 0.9962058935120779,
        "recall": 0.9836413586413586,
        "f1": 0.9898837574615142
      },
      "Normal": {
        "precision": 0.9948364888123924,
        "recall": 0.9501643883024745,
        "f1": 0.9719874319599947
      },
      "Probe": {
        "precision": 0.931175934366454,
        "recall": 0.9673295454545454,
        "f1": 0.9489084997677659
      },
      "R2L": {
        "precision": 0.5758661887694145,
        "recall": 0.8281786941580757,
        "f1": 0.6793516560958421
      },
      "U2R": {
        "precision": 0.046511627906976744,
        "recall": 0.7777777777777778,
        "f1": 0.0877742946708464
      }
    },
    "confusion_matrix": [
      [
        7877,
        14,
        34,
        80,
        3
      ],
      [
        20,
        10982,
        116,
        271,
        169
      ],
      [
        9,
        21,
        2043,
        4,
        35
      ],
      [
        1,
        18,
        1,
        482,
        80
      ],
      [
        0,
        4,
        0,
        0,
        14
      ]
    ],
    "confusion_matrix_labels": [
      "DoS",
      "Normal",
      "Probe",
      "R2L",
      "U2R"
    ]
  },
  "lstm": {
    "accuracy": 0.8132238082413143,
    "per_class": {
      "DoS": {
        "precision": 0.7966532025389498,
        "recall": 0.862012987012987,
        "f1": 0.8280453427697475
      },
      "Normal": {
        "precision": 0.8743225806451613,
        "recall": 0.8793908980792524,
        "f1": 0.8768494155199931
      },
      "Probe": {
        "precision": 0.528169014084507,
        "recall": 0.4971590909090909,
        "f1": 0.5121951219512195
      },
      "R2L": {
        "precision": 0.0,
        "recall": 0.0,
        "f1": 0.0
      },
      "U2R": {
        "precision": 0.0,
        "recall": 0.0,
        "f1": 0.0
      }
    },
    "confusion_matrix": [
      [
        6903,
        606,
        499,
        0,
        0
      ],
      [
        969,
        10164,
        425,
        0,
        0
      ],
      [
        744,
        318,
        1050,
        0,
        0
      ],
      [
        47,
        524,
        11,
        0,
        0
      ],
      [
        2,
        13,
        3,
        0,
        0
      ]
    ],
    "confusion_matrix_labels": [
      "DoS",
      "Normal",
      "Probe",
      "R2L",
      "U2R"
    ]
  },
  "majority_voting": {
    "accuracy": 0.9927731394200556,
    "per_class": {
      "DoS": {
        "precision": 0.9957648231190832,
        "recall": 0.9982517482517482,
        "f1": 0.9970067348465952
      },
      "Normal": {
        "precision": 0.9927542482532563,
        "recall": 0.9957605121993425,
        "f1": 0.9942551077707227
      },
      "Probe": {
        "precision": 0.9904489016236867,
        "recall": 0.9820075757575758,
        "f1": 0.9862101759391345
      },
      "R2L": {
        "precision": 0.9672727272727273,
        "recall": 0.9140893470790378,
        "f1": 0.9399293286219081
      },
      "U2R": {
        "precision": 0.6153846153846154,
        "recall": 0.4444444444444444,
        "f1": 0.5161290322580645
      }
    },
    "confusion_matrix": [
      [
        7994,
        8,
        6,
        0,
        0
      ],
      [
        15,
        11509,
        14,
        18,
        2
      ],
      [
        18,
        20,
        2074,
        0,
        0
      ],
      [
        1,
        46,
        0,
        532,
        3
      ],
      [
        0,
        10,
        0,
        0,
        8
      ]
    ],
    "confusion_matrix_labels": [
      "DoS",
      "Normal",
      "Probe",
      "R2L",
      "U2R"
    ]
  }
}