{
  "random_forest": {
    "accuracy": 0.9047162827156731,
    "per_class": {
      "Analysis": {
        "precision": 0.8717948717948718,
        "recall": 0.5,
        "f1": 0.6355140186915887
      },
      "Backdoors": {
        "precision": 0.6151419558359621,
        "recall": 0.2945619335347432,
        "f1": 0.3983656792645557
      },
      "DoS": {
        "precision": 0.7517511330861145,
        "recall": 0.7871009490940466,
        "f1": 0.7690200210748156
      },
      "Exploits": {
        "precision": 0.6226969815758526,
        "recall": 0.8022727272727272,
        "f1": 0.7011697197086736
      },
      "Fuzzers": {
        "precision": 0.3157894736842105,
        "recall": 0.3103448275862069,
        "f1": 0.3130434782608696
      },
      "Generic": {
        "precision": 0.8568935427574171,
        "recall": 0.728486646884273,
        "f1": 0.7874899759422614
      },
      "Normal": {
        "precision": 0.9875961076405574,
        "recall": 0.9743111111111111,
        "f1": 0.9809086298958923
      },
      "Reconnaissance": {
        "precision": 0.6810176125244618,
        "recall": 0.5783933518005541,
        "f1": 0.6255242660275614
      },
      "Shellcode": {
        "precision": 0.35877862595419846,
        "recall": 0.16967509025270758,
        "f1": 0.23039215686274508
      },
      "Worms": {
        "precision": 0.5,
        "recall": 0.3333333333333333,
        "f1": 0.4
      }
    },
    "confusion_matrix": [
      [
        34,
        2,
        15,
        11,
        0,
        0,
        3,
        3,
        0,
        0
      ],
      [
        1,
        195,
        272,
        123,
        3,
        15,
        11,
        27,
        14,
        1
      ],
      [
        2,
        53,
        3649,
        585,
        13,
        23,
        92,
        205,
        8,
        6
      ],
      [
        0,
        22,
        327,
        3177,
        2,
        31,
        208,
        145,
        47,
        1
      ],
      [
        0,
        4,
        28,
        0,
        18,
        0,
        8,
        0,
        0,
        0
      ],
      [
        0,
        7,
        68,
        81,
        1,
        491,
        8,
        13,
        3,
        2
      ],
      [
        1,
        13,
        163,
        587,
        19,
        5,
        32883,
        72,
        6,
        1
      ],
      [
        1,
        10,
        278,
        392,
        1,
        2,
        70,
        1044,
        6,
        1
      ],
      [
        0,
        11,
        46,
        137,
        0,
        6,
        11,
        19,
        47,
        0
      ],
      [
        0,
        0,
        8,
        9,
        0,
        0,
        2,
        5,
        0,
        12
      ]
    ],
    "confusion_matrix_labels": [
      "Analysis",
      "Backdoors",
      "DoS",
      "Exploits",
      "Fuzzers",
      "Generic",
      "Normal",
      "Reconnaissance",
      "Shellcode",
      "Worms"
    ]
  },
  "xgboost": {
    "accuracy": 0.8848147019117711,
    "per_class": {
      "Analysis": {
        "precision": 0.36792452830188677,
        "recall": 0.5735294117647058,
        "f1": 0.4482758620689655
      },
      "Backdoors": {
        "precision": 0.35125448028673834,
        "recall": 0.44410876132930516,
        "f1": 0.3922615076717812
      },
      "DoS": {
        "precision": 0.8967286722257858,
        "recall": 0.6031061259706644,
        "f1": 0.7211761671395409
      },
      "Exploits": {
        "precision": 0.6250806625080663,
        "recall": 0.7338383838383838,
        "f1": 0.6751074456963643
      },
      "Fuzzers": {
        "precision": 0.28205128205128205,
        "recall": 0.7586206896551724,
        "f1": 0.411214953271028
      },
      "Generic": {
        "precision": 0.6970091027308193,
        "recall": 0.7952522255192879,
        "f1": 0.7428967428967429
      },
      "Normal": {
        "precision": 0.9992944568851805,
        "recall": 0.9652148148148149,
        "f1": 0.9819590348008259
      },
      "Reconnaissance": {
        "precision": 0.48027057497181513,
        "recall": 0.7080332409972299,
        "f1": 0.5723242274966412
      },
      "Shellcode": {
        "precision": 0.16503800217155265,
        "recall": 0.5487364620938628,
        "f1": 0.25375626043405675
      },
      "Worms": {
        "precision": 0.13636363636363635,
        "recall": 0.4166666666666667,
        "f1": 0.2054794520547945
      }
    },
    "confusion_matrix": [
      [
        39,
        0,
        5,
        12,
        0,
        2,
        0,
        8,
        2,
        0
      ],
      [
        5,
        294,
        132,
        83,
        12,
        23,
        0,
        60,
        49,
        4
      ],
      [
        23,
        394,
        2796,
        498,
        48,
        112,
        6,
        542,
        192,
        25
      ],
      [
        17,
        69,
        66,
        2906,
        4,
        66,
        7,
        472,
        314,
        39
      ],
      [
        0,
        9,
        5,
        0,
        44,
        0,
        0,
        0,
        0,
        0
      ],
      [
        2,
        12,
        19,
        51,
        3,
        536,
        2,
        23,
        23,
        3
      ],
      [
        8,
        33,
        45,
        703,
        44,
        17,
        32576,
        222,
        94,
        8
      ],
      [
        10,
        21,
        43,
        330,
        1,
        7,
        8,
        1278,
        93,
        14
      ],
      [
        2,
        4,
        4,
        60,
        0,
        6,
        0,
        47,
        152,
        2
      ],
      [
        0,
        1,
        3,
        6,
        0,
        0,
        0,
        9,
        2,
        15
      ]
    ],
    "confusion_matrix_labels": [
      "Analysis",
      "Backdoors",
      "DoS",
      "Exploits",
      "Fuzzers",
      "Generic",
      "Normal",
      "Reconnaissance",
      "Shellcode",
      "Worms"
    ]
  },
  "mlp": {
    "accuracy": 0.834494621782868,
    "per_class": {
      "Analysis": {
        "precision": 0.07584830339321358,
        "recall": 0.5588235294117647,
        "f1": 0.1335676625659051
      },
      "Backdoors": {
        "precision": 0.2205029013539652,
        "recall": 0.17220543806646527,
        "f1": 0.19338422391857507
      },
      "DoS": {
        "precision": 0.8598409542743539,
        "recall": 0.3731665228645384,
        "f1": 0.5204572803850782
      },
      "Exploits": {
        "precision": 0.43964401294498384,
        "recall": 0.6861111111111111,
        "f1": 0.5358974358974359
      },
      "Fuzzers": {
        "precision": 0.13526570048309178,
        "recall": 0.9655172413793104,
        "f1": 0.23728813559322035
      },
      "Generic": {
        "precision": 0.4742785445420326,
        "recall": 0.5608308605341247,
        "f1": 0.5139360978925901
      },
      "Normal": {
        "precision": 0.9997209561901218,
        "recall": 0.9553777777777778,
        "f1": 0.9770464978864597
      },
      "Reconnaissance": {
        "precision": 0.6257883672039243,
        "recall": 0.49473684210526314,
        "f1": 0.5525990099009901
      },
      "Shellcode": {
        "precision": 0.12377560106856635,
        "recall": 0.5018050541516246,
        "f1": 0.19857142857142857
      },
      "Worms": {
        "precision": 0.022792022792022793,
        "recall": 0.4444444444444444,
        "f1": 0.04336043360433604
      }
    },