{
  "random_forest": {
    "accuracy": 0.9956908160517102,
    "per_class": {
      "DoS": {
        "precision": 0.9996251405722854,
        "recall": 0.999000999000999,
        "f1": 0.999312972331522
      },
      "Normal": {
        "precision": 0.9951636583470075,
        "recall": 0.9969717944281018,
        "f1": 0.9960669058218438
      },
      "Probe": {
        "precision": 0.9948039678790742,
        "recall": 0.9971590909090909,
        "f1": 0.995980137148262
      },
      "R2L": {
        "precision": 0.9626334519572953,
        "recall": 0.929553264604811,
        "f1": 0.9458041958041958
      },
      "U2R": {
        "precision": 0.7058823529411765,
        "recall": 0.6666666666666666,
        "f1": 0.6857142857142857
      }
    },
    "confusion_matrix": [
      [
        8000,
        6,
        2,
        0,
        0
      ],
      [
        3,
        11523,
        9,
        21,
        2
      ],
      [
        0,
        6,
        2106,
        0,
        0
      ],
      [
        0,
        38,
        0,
        541,
        3
      ],
      [
        0,
        6,
        0,
        0,
        12
      ]
    ],
    "confusion_matrix_labels": [
      "DoS",
      "Normal",
      "Probe",
      "R2L",
      "U2R"
    ]
  },
  "xgboost": {
    "accuracy": 0.9956459287189156,
    "per_class": {
      "DoS": {
        "precision": 0.9992507492507493,
        "recall": 0.9992507492507493,
        "f1": 0.9992507492507493
      },
      "Normal": {
        "precision": 0.9985219961745784,
        "recall": 0.9936840283786122,
        "f1": 0.9960971379011275
      },
      "Probe": {
        "precision": 0.9920037629350894,
        "recall": 0.9985795454545454,
        "f1": 0.9952807928268051
      },
      "R2L": {
        "precision": 0.919093851132686,
        "recall": 0.9759450171821306,
        "f1": 0.9466666666666667
      },
      "U2R": {
        "precision": 0.7083333333333334,
        "recall": 0.9444444444444444,
        "f1": 0.8095238095238095
      }
    },
    "confusion_matrix": [
      [
        8002,
        3,
        3,
        0,
        0
      ],
      [
        6,
        11485,
        14,
        50,
        3
      ],
      [
        0,
        3,
        2109,
        0,
        0
      ],
      [
        0,
        10,
        0,
        568,
        4
      ],
      [
        0,
        1,
        0,
        0,
        17
      ]
    ],
    "confusion_matrix_labels": [
      "DoS",
      "Normal",
      "Probe",
      "R2L",
      "U2R"
    ]
  },
  "mlp": {
    "accuracy": 0.958344555166532,
    "per_class": {
      "DoS": {
        "precision": 0.9956167814652473,
        "recall": 0.9927572427572428,
        "f1": 0.9941849559182142
      },
      "Normal": {
        "precision": 0.995564180759634,
        "recall": 0.932081675030282,
        "f1": 0.9627776040037536
      },
      "Probe": {
        "precision": 0.9189784236019375,
        "recall": 0.9881628787878788,
        "f1": 0.9523157654574492
      },
      "R2L": {
        "precision": 0.706199460916442,
        "recall": 0.9003436426116839,
        "f1": 0.7915407854984894
      },
      "U2R": {
        "precision": 0.034858387799564274,
        "recall": 0.8888888888888888,
        "f1": 0.06708595387840671
      }
    },
    "confusion_matrix": [
      [
        7950,
        18,
        17,
        20,
        3
      ],
      [
        33,
        10773,
        166,
        197,
        389
      ],
      [
        2,
        11,
        2087,
        1,
        11
      ],
      [
        0,
        17,
        1,
        524,
        40
      ],
      [
        0,
        2,
        0,
        0,
        16
      ]
    ],
    "confusion_matrix_labels": [
      "DoS",
      "Normal",
      "Probe",
      "R2L",
      "U2R"
    ]
  },
  "majority_voting": {
    "accuracy": 0.9951970553909687,
    "per_class": {
      "DoS": {
        "precision": 0.999375468398701,
        "recall": 0.9991258741258742,
        "f1": 0.9992506556762832
      },
      "Normal": {
        "precision": 0.9972227043915987,
        "recall": 0.9941166291745976,
        "f1": 0.9956672443674177
      },
      "Probe": {
        "precision": 0.992467043314501,
        "recall": 0.9981060606060606,
        "f1": 0.9952785646836638
      },
      "R2L": {
        "precision": 0.9220563847429519,
        "recall": 0.9553264604810997,
        "f1": 0.9383966244725739
      },
      "U2R": {
        "precision": 0.6956521739130435,
        "recall": 0.8888888888888888,
        "f1": 0.7804878048780488
      }
    },
    "confusion_matrix": [
      [
        8001,
        4,
        3,
        0,
        0
      ],
      [
        5,
        11490,
        13,
        47,
        3
      ],
      [
        0,
        4,
        2108,
        0,
        0
      ],
      [
        0,
        22,
        0,
        556,
        4
      ],
      [
        0,
        2,
        0,
        0,
        16
      ]
    ],
    "confusion_matrix_labels": [
      "DoS",
      "Normal",
      "Probe",
      "R2L",
      "U2R"
    ]
  }
}