{
  "random_forest": {
    "accuracy": 0.9945237453990484,
    "per_class": {
      "DoS": {
        "precision": 0.9992504684572142,
        "recall": 0.9988761238761239,
        "f1": 0.9990632611003559
      },
      "Normal": {
        "precision": 0.9937861396392509,
        "recall": 0.9962796331545251,
        "f1": 0.9950313242600993
      },
      "Probe": {
        "precision": 0.9933868682097308,
        "recall": 0.9957386363636364,
        "f1": 0.9945613620241192
      },
      "R2L": {
        "precision": 0.9533213644524237,
        "recall": 0.9123711340206185,
        "f1": 0.932396839332748
      },
      "U2R": {
        "precision": 0.6666666666666666,
        "recall": 0.4444444444444444,
        "f1": 0.5333333333333333
      }
    },
    "confusion_matrix": [
      [
        7999,
        6,
        3,
        0,
        0
      ],
      [
        5,
        11515,
        11,
        25,
        2
      ],
      [
        0,
        9,
        2103,
        0,
        0
      ],
      [
        0,
        49,
        0,
        531,
        2
      ],
      [
        1,
        8,
        0,
        1,
        8
      ]
    ],
    "confusion_matrix_labels": [
      "DoS",
      "Normal",
      "Probe",
      "R2L",
      "U2R"
    ]
  },
  "xgboost": {
    "accuracy": 0.994299308735075,
    "per_class": {
      "DoS": {
        "precision": 0.9988761238761239,
        "recall": 0.9988761238761239,
        "f1": 0.9988761238761239
      },
      "Normal": {
        "precision": 0.9975643702157272,
        "recall": 0.9922131856722617,
        "f1": 0.9948815823718227
      },
      "Probe": {
        "precision": 0.9915254237288136,
        "recall": 0.9971590909090909,
        "f1": 0.9943342776203966
      },
      "R2L": {
        "precision": 0.8964968152866242,
        "recall": 0.9673539518900344,
        "f1": 0.9305785123966942
      },
      "U2R": {
        "precision": 0.6818181818181818,
        "recall": 0.8333333333333334,
        "f1": 0.75
      }
    },
    "confusion_matrix": [
      [
        7999,
        5,
        4,
        0,
        0
      ],
      [
        9,
        11468,
        14,
        65,
        2
      ],
      [
        0,
        6,
        2106,
        0,
        0
      ],
      [
        0,
        14,
        0,
        563,
        5
      ],
      [
        0,
        3,
        0,
        0,
        15
      ]
    ],
    "confusion_matrix_labels": [
      "DoS",
      "Normal",
      "Probe",
      "R2L",
      "U2R"
    ]
  },
  "mlp": {
    "accuracy": 0.9732920369871623,
    "per_class": {
      "DoS": {
        "precision": 0.9971170719478566,
        "recall": 0.9933816183816184,
        "f1": 0.9952458401100963
      },
      "Normal": {
        "precision": 0.9927659194427079,
        "recall": 0.961758089634885,
        "f1": 0.9770160404306746
      },
      "Probe": {
        "precision": 0.9656793606017866,
        "recall": 0.9725378787878788,
        "f1": 0.9690964850200519
      },
      "R2L": {
        "precision": 0.6956521739130435,
        "recall": 0.9347079037800687,
        "f1": 0.7976539589442815
      },
      "U2R": {
        "precision": 0.07216494845360824,
        "recall": 0.7777777777777778,
        "f1": 0.1320754716981132
      }
    },
    "confusion_matrix": [
      [
        7955,
        27,
        3,
        22,
        1
      ],
      [
        17,
        11116,
        68,
        213,
        144
      ],
      [
        5,
        35,
        2054,
        2,
        16
      ],
      [
        0,
        17,
        2,
        544,
        19
      ],
      [
        1,
        2,
        0,
        1,
        14
      ]
    ],
    "confusion_matrix_labels": [
      "DoS",
      "Normal",
      "Probe",
      "R2L",
      "U2R"
    ]
  },
  "majority_voting": {
    "accuracy": 0.9938953227399228,
    "per_class": {
      "DoS": {
        "precision": 0.9987515605493134,
        "recall": 0.999000999000999,
        "f1": 0.9988762642027719
      },
      "Normal": {
        "precision": 0.9959212010761086,
        "recall": 0.9929053469458384,
        "f1": 0.9944109873922273
      },
      "Probe": {
        "precision": 0.9905793688177108,
        "recall": 0.9957386363636364,
        "f1": 0.9931523022432114
      },
      "R2L": {
        "precision": 0.9105960264900662,
        "recall": 0.9450171821305842,
        "f1": 0.927487352445194
      },
      "U2R": {
        "precision": 0.7222222222222222,
        "recall": 0.7222222222222222,
        "f1": 0.7222222222222222
      }
    },
    "confusion_matrix": [
      [
        8000,
        5,
        3,
        0,
        0
      ],
      [
        9,
        11476,
        17,
        54,
        2
      ],
      [
        0,
        9,
        2103,
        0,
        0
      ],
      [
        0,
        29,
        0,
        550,
        3
      ],
      [
        1,
        4,
        0,
        0,
        13
      ]
    ],
    "confusion_matrix_labels": [
      "DoS",
      "Normal",
      "Probe",
      "R2L",
      "U2R"
    ]
  }
}