{
  "random_forest": {
    "accuracy": 0.9953317173893528,
    "per_class": {
      "DoS": {
        "precision": 0.9996251874062968,
        "recall": 0.9991258741258742,
        "f1": 0.999375468398701
      },
      "Normal": {
        "precision": 0.9938793103448276,
        "recall": 0.9974909153832843,
        "f1": 0.9956818378098281
      },
      "Probe": {
        "precision": 0.9938650306748467,
        "recall": 0.9971590909090909,
        "f1": 0.9955093358544079
      },
      "R2L": {
        "precision": 0.9760147601476015,
        "recall": 0.9089347079037801,
        "f1": 0.9412811387900356
      },
      "U2R": {
        "precision": 0.6923076923076923,
        "recall": 0.5,
        "f1": 0.5806451612903226
      }
    },
    "confusion_matrix": [
      [
        8001,
        6,
        1,
        0,
        0
      ],
      [
        3,
        11529,
        12,
        12,
        2
      ],
      [
        0,
        6,
        2106,
        0,
        0
      ],
      [
        0,
        51,
        0,
        529,
        2
      ],
      [
        0,
        8,
        0,
        1,
        9
      ]
    ],
    "confusion_matrix_labels": [
      "DoS",
      "Normal",
      "Probe",
      "R2L",
      "U2R"
    ]
  },
  "xgboost": {
    "accuracy": 0.9960948020468624,
    "per_class": {
      "DoS": {
        "precision": 0.9993757023348733,
        "recall": 0.9995004995004995,
        "f1": 0.9994380970219142
      },
      "Normal": {
        "precision": 0.9980041652204096,
        "recall": 0.9950683509257657,
        "f1": 0.9965340958322503
      },
      "Probe": {
        "precision": 0.9943342776203966,
        "recall": 0.9971590909090909,
        "f1": 0.9957446808510638
      },
      "R2L": {
        "precision": 0.9323432343234324,
        "recall": 0.9707903780068728,
        "f1": 0.9511784511784511
      },
      "U2R": {
        "precision": 0.7142857142857143,
        "recall": 0.8333333333333334,
        "f1": 0.7692307692307693
      }
    },
    "confusion_matrix": [
      [
        8004,
        3,
        1,
        0,
        0
      ],
      [
        5,
        11501,
        11,
        39,
        2
      ],
      [
        0,
        5,
        2106,
        1,
        0
      ],
      [
        0,
        13,
        0,
        565,
        4
      ],
      [
        0,
        2,
        0,
        1,
        15
      ]
    ],
    "confusion_matrix_labels": [
      "DoS",
      "Normal",
      "Probe",
      "R2L",
      "U2R"
    ]
  },
  "mlp": {
    "accuracy": 0.9655714157464763,
    "per_class": {
      "DoS": {
        "precision": 0.9926388022457892,
        "recall": 0.9935064935064936,
        "f1": 0.9930724583411347
      },
      "Normal": {
        "precision": 0.9949035311248635,
        "recall": 0.9458383803426198,
        "f1": 0.969750731837133
      },
      "Probe": {
        "precision": 0.9386834986474302,
        "recall": 0.9857954545454546,
        "f1": 0.961662817551963
      },
      "R2L": {
        "precision": 0.6195524146054181,
        "recall": 0.9037800687285223,
        "f1": 0.7351502445842069
      },
      "U2R": {
        "precision": 0.07211538461538461,
        "recall": 0.8333333333333334,
        "f1": 0.13274336283185842
      }
    },
    "confusion_matrix": [
      [
        7956,
        13,
        16,
        21,
        2
      ],
      [
        52,
        10932,
        120,
        297,
        157
      ],
      [
        7,
        12,
        2082,
        5,
        6
      ],
      [
        0,
        28,
        0,
        526,
        28
      ],
      [
        0,
        3,
        0,
        0,
        15
      ]
    ],
    "confusion_matrix_labels": [
      "DoS",
      "Normal",
      "Probe",
      "R2L",
      "U2R"
    ]
  },
  "majority_voting": {
    "accuracy": 0.9952419427237633,
    "per_class": {
      "DoS": {
        "precision": 0.9993757023348733,
        "recall": 0.9995004995004995,
        "f1": 0.9994380970219142
      },
      "Normal": {
        "precision": 0.9962747985792255,
        "recall": 0.9949818307665687,
        "f1": 0.9956278948963249
      },
      "Probe": {
        "precision": 0.9924599434495759,
        "recall": 0.9971590909090909,
        "f1": 0.9948039678790742
      },
      "R2L": {
        "precision": 0.9366438356164384,
        "recall": 0.9398625429553265,
        "f1": 0.9382504288164666
      },
      "U2R": {
        "precision": 0.75,
        "recall": 0.8333333333333334,
        "f1": 0.7894736842105263
      }
    },
    "confusion_matrix": [
      [
        8004,
        3,
        1,
        0,
        0
      ],
      [
        5,
        11500,
        15,
        36,
        2
      ],
      [
        0,
        6,
        2106,
        0,
        0
      ],
      [
        0,
        32,
        0,
        547,
        3
      ],
      [
        0,
        2,
        0,
        1,
        15
      ]
    ],
    "confusion_matrix_labels": [
      "DoS",
      "Normal",
      "Probe",
      "R2L",
      "U2R"
    ]
  }
}