{
  "random_forest": {
    "accuracy": 0.9021469320210774,
    "per_class": {
      "Analysis": {
        "precision": 0.8461538461538461,
        "recall": 0.4852941176470588,
        "f1": 0.616822429906542
      },
      "Backdoors": {
        "precision": 0.6196078431372549,
        "recall": 0.23867069486404835,
        "f1": 0.3446019629225736
      },
      "DoS": {
        "precision": 0.7424804285125669,
        "recall": 0.7773943054357204,
        "f1": 0.759536354056902
      },
      "Exploits": {
        "precision": 0.617601246105919,
        "recall": 0.8010101010101011,
        "f1": 0.6974494283201407
      },
      "Fuzzers": {
        "precision": 0.39285714285714285,
        "recall": 0.3793103448275862,
        "f1": 0.38596491228070173
      },
      "Generic": {
        "precision": 0.8362676056338029,
        "recall": 0.7047477744807121,
        "f1": 0.7648953301127214
      },
      "Normal": {
        "precision": 0.9867978876620259,
        "recall": 0.9744592592592592,
        "f1": 0.9805897611735591
      },
      "Reconnaissance": {
        "precision": 0.6636539703034215,
        "recall": 0.5695290858725762,
        "f1": 0.6129994036970781
      },
      "Shellcode": {
        "precision": 0.34234234234234234,
        "recall": 0.1371841155234657,
        "f1": 0.1958762886597938
      },
      "Worms": {
        "precision": 0.4666666666666667,
        "recall": 0.3888888888888889,
        "f1": 0.42424242424242425
      }
    },
    "confusion_matrix": [
      [
        33,
        2,
        17,
        11,
        0,
        0,
        2,
        3,
        0,
        0
      ],
      [
        0,
        158,
        311,
        118,
        1,
        14,
        15,
        36,
        8,
        1
      ],
      [
        4,
        46,
        3604,
        606,
        11,
        21,
        96,
        232,
        8,
        8
      ],
      [
        0,
        19,
        303,
        3172,
        2,
        41,
        223,
        154,
        42,
        4
      ],
      [
        0,
        2,
        27,
        0,
        22,
        0,
        7,
        0,
        0,
        0
      ],
      [
        0,
        7,
        82,
        86,
        0,
        475,
        9,
        12,
        1,
        2
      ],
      [
        1,
        5,
        171,
        588,
        19,
        9,
        32888,
        61,
        7,
        1
      ],
      [
        1,
        9,
        284,
        397,
        1,
        1,
        77,
        1028,
        7,
        0
      ],
      [
        0,
        6,
        47,
        151,
        0,
        7,
        9,
        19,
        38,
        0
      ],
      [
        0,
        1,
        8,
        7,
        0,
        0,
        2,
        4,
        0,
        14
      ]
    ],
    "confusion_matrix_labels": [
      "Analysis",
      "Backdoors",
      "DoS",
      "Exploits",
      "Fuzzers",
      "Generic",
      "Normal",
      "Reconnaissance",
      "Shellcode",
      "Worms"
    ]
  },
  "xgboost": {
    "accuracy": 0.882288899534033,
    "per_class": {
      "Analysis": {
        "precision": 0.22033898305084745,
        "recall": 0.5735294117647058,
        "f1": 0.3183673469387755
      },
      "Backdoors": {
        "precision": 0.3441247002398082,
        "recall": 0.4335347432024169,
        "f1": 0.3836898395721925
      },
      "DoS": {
        "precision": 0.8904382470119522,
        "recall": 0.5785159620362381,
        "f1": 0.7013598326359832
      },
      "Exploits": {
        "precision": 0.6227301858577227,
        "recall": 0.7361111111111112,
        "f1": 0.674690429348455
      },
      "Fuzzers": {
        "precision": 0.25,
        "recall": 0.8103448275862069,
        "f1": 0.3821138211382114
      },
      "Generic": {
        "precision": 0.6379525593008739,
        "recall": 0.7581602373887241,
        "f1": 0.6928813559322033
      },
      "Normal": {
        "precision": 0.9990196679125054,
        "recall": 0.9662222222222222,
        "f1": 0.9823472707555128
      },
      "Reconnaissance": {
        "precision": 0.48128342245989303,
        "recall": 0.6980609418282548,
        "f1": 0.5697490391137238
      },
      "Shellcode": {
        "precision": 0.1828978622327791,
        "recall": 0.555956678700361,
        "f1": 0.2752457551385165
      },
      "Worms": {
        "precision": 0.11450381679389313,
        "recall": 0.4166666666666667,
        "f1": 0.17964071856287425
      }
    },
    "confusion_matrix": [
      [
        39,
        0,
        3,
        13,
        1,
        5,
        0,
        7,
        0,
        0
      ],
      [
        8,
        287,
        124,
        89,
        15,
        30,
        0,
        55,
        50,
        4
      ],
      [
        44,
        394,
        2682,
        499,
        68,
        162,
        7,
        602,
        150,
        28
      ],
      [
        35,
        73,
        70,
        2915,
        3,
        70,
        16,
        419,
        316,
        43
      ],
      [
        0,
        7,
        4,
        0,
        47,
        0,
        0,
        0,
        0,
        0
      ],
      [
        6,
        24,
        26,
        56,
        2,
        511,
        1,
        29,
        16,
        3
      ],
      [
        17,
        27,
        45,
        696,
        51,
        17,
        32610,
        188,
        82,
        17
      ],
      [
        21,
        18,
        48,
        352,
        1,
        5,
        8,
        1260,
        73,
        19
      ],
      [
        7,
        4,
        7,
        52,
        0,
        1,
        0,
        50,
        154,
        2
      ],
      [
        0,
        0,
        3,
        9,
        0,
        0,
        0,
        8,
        1,
        15
      ]
    ],
    "confusion_matrix_labels": [
      "Analysis",
      "Backdoors",
      "DoS",
      "Exploits",
      "Fuzzers",
      "Generic",
      "Normal",
      "Reconnaissance",
      "Shellcode",
      "Worms"
    ]
  },
  "mlp": {
    "accuracy": 0.8148761050385402,
    "per_class": {
      "Analysis": {
        "precision": 0.05802047781569966,
        "recall": 0.5,
        "f1": 0.10397553516819572
      },
      "Backdoors": {
        "precision": 0.15019762845849802,
        "recall": 0.05740181268882175,
        "f1": 0.08306010928961749
      },
      "DoS": {
        "precision": 0.8264110756123536,
        "recall": 0.33477135461604834,
        "f1": 0.4765121277249002
      },
      "Exploits": {
        "precision": 0.4056690594515001,
        "recall": 0.5565656565656566,
        "f1": 0.4692856382412435
      },
      "Fuzzers": {
        "precision": 0.06779661016949153,
        "recall": 0.9655172413793104,
        "f1": 0.12669683257918551
      },
      "Generic": {
        "precision": 0.29739776951672864,
        "recall": 0.5934718100890207,
        "f1": 0.396235760277365
      },
      "Normal": {
        "precision": 0.9993474815896591,
        "recall": 0.9529481481481481,
        "f1": 0.9755964388090941
      },
      "Reconnaissance": {
        "precision": 0.48352272727272727,
        "recall": 0.4714681440443213,
        "f1": 0.4774193548387097
      },
      "Shellcode": {
        "precision": 0.1628242074927954,
        "recall": 0.40794223826714804,
        "f1": 0.23274974253347064
      },
      "Worms": {
        "precision": 0.014462809917355372,
        "recall": 0.3888888888888889,
        "f1": 0.027888446215139442
      }
    },