{
  "dataset": "cicids2017",
  "generated_at_utc": "2026-03-23T00:38:54.152631+00:00",
  "model_path": "models/lstm_cicids2017.h5",
  "scaler_path": "models/scaler_lstm_cicids2017.pkl",
  "test_loss": 0.2695908546447754,
  "test_accuracy": 0.9244122505187988,
  "warmup_epochs_ran": 2,
  "weighted_epochs_ran": 4,
  "best_val_accuracy": 0.9245521426200867,
  "best_val_accuracy_warmup": 0.9121034741401672,
  "best_val_accuracy_weighted": 0.9245521426200867,
  "class_weight_mode": "balanced_smoothed",
  "class_weight_alpha": 0.05,
  "max_class_weight": 20.0,
  "batch_size": 8192,
  "epochs_requested": 4,
  "warmup_epochs_requested": 2,
  "patience": 2,
  "per_class": {
    "BENIGN": {
      "precision": 0.920988632196553,
      "recall": 0.9983114607613373,
      "f1": 0.9580924943694037
    },
    "Bot": {
      "precision": 0.0,
      "recall": 0.0,
      "f1": 0.0
    },
    "DDoS": {
      "precision": 0.9649521337011195,
      "recall": 0.6193823881685153,
      "f1": 0.7544800025373466
    },
    "DoS GoldenEye": {
      "precision": 0.5224839400428265,
      "recall": 0.15813350615683733,
      "f1": 0.2427860696517413
    },
    "DoS Hulk": {
      "precision": 0.971882588505943,
      "recall": 0.8798596112311015,
      "f1": 0.9235845428230198
    },
    "DoS Slowhttptest": {
      "precision": 0.6223118279569892,
      "recall": 0.5905612244897959,
      "f1": 0.606020942408377
    },
    "DoS slowloris": {
      "precision": 0.851063829787234,
      "recall": 0.49504950495049505,
      "f1": 0.6259780907668232
    },
    "FTP-Patator": {
      "precision": 0.0,
      "recall": 0.0,
      "f1": 0.0
    },
    "Heartbleed": {
      "precision": 0.0,
      "recall": 0.0,
      "f1": 0.0
    },
    "Infiltration": {
      "precision": 0.0,
      "recall": 0.0,
      "f1": 0.0
    },
    "PortScan": {
      "precision": 0.0,
      "recall": 0.0,
      "f1": 0.0
    },
    "SSH-Patator": {
      "precision": 0.0,
      "recall": 0.0,
      "f1": 0.0
    },
    "Web Attack \u2013 Brute Force": {
      "precision": 0.0,
      "recall": 0.0,
      "f1": 0.0
    },
    "Web Attack \u2013 Sql Injection": {
      "precision": 0.0,
      "recall": 0.0,
      "f1": 0.0
    },
    "Web Attack \u2013 XSS": {
      "precision": 0.0,
      "recall": 0.0,
      "f1": 0.0
    }
  },
  "confusion_matrix": [
    [
      313942,
      0,
      70,
      94,
      78,
      233,
      56,
      0,
      0,
      0,
      0,
      0,
      0,
      0,
      0
    ],
    [
      293,
      0,
      0,
      0,
      0,
      0,
      0,
      0,
      0,
      0,
      0,
      0,
      0,
      0,
      0
    ],
    [
      7034,
      0,
      11894,
      34,
      240,
      1,
      0,
      0,
      0,
      0,
      0,
      0,
      0,
      0,
      0
    ],
    [
      920,
      0,
      45,
      244,
      334,
      0,
      0,
      0,
      0,
      0,
      0,
      0,
      0,
      0,
      0
    ],
    [
      2672,
      0,
      316,
      93,
      22813,
      34,
      0,
      0,
      0,
      0,
      0,
      0,
      0,
      0,
      0
    ],
    [
      306,
      0,
      1,
      0,
      0,
      463,
      14,
      0,
      0,
      0,
      0,
      0,
      0,
      0,
      0
    ],
    [
      395,
      0,
      0,
      0,
      0,
      13,
      400,
      0,
      0,
      0,
      0,
      0,
      0,
      0,
      0
    ],
    [
      890,
      0,
      0,
      0,
      0,
      0,
      0,
      0,
      0,
      0,
      0,
      0,
      0,
      0,
      0
    ],
    [
      1,
      0,
      0,
      0,
      0,
      0,
      0,
      0,
      0,
      0,
      0,
      0,
      0,
      0,
      0
    ],
    [
      5,
      0,
      0,
      0,
      0,
      0,
      0,
      0,
      0,
      0,
      0,
      0,
      0,
      0,
      0
    ],
    [
      13613,
      0,
      0,
      2,
      8,
      0,
      0,
      0,
      0,
      0,
      0,
      0,
      0,
      0,
      0
    ],
    [
      483,
      0,
      0,
      0,
      0,
      0,
      0,
      0,
      0,
      0,
      0,
      0,
      0,
      0,
      0
    ],
    [
      220,
      0,
      0,
      0,
      0,
      0,
      0,
      0,
      0,
      0,
      0,
      0,
      0,
      0,
      0
    ],
    [
      3,
      0,
      0,
      0,
      0,
      0,
      0,
      0,
      0,
      0,
      0,
      0,
      0,
      0,
      0
    ],
    [
      98,
      0,
      0,
      0,
      0,
      0,
      0,
      0,
      0,
      0,
      0,
      0,
      0,
      0,
      0
    ]
  ],
  "confusion_matrix_labels": [
    "BENIGN",
    "Bot",
    "DDoS",
    "DoS GoldenEye",
    "DoS Hulk",
    "DoS Slowhttptest",
    "DoS slowloris",
    "FTP-Patator",
    "Heartbleed",
    "Infiltration",
    "PortScan",
    "SSH-Patator",
    "Web Attack \u2013 Brute Force",
    "Web Attack \u2013 Sql Injection",
    "Web Attack \u2013 XSS"
  ]
}