{
  "random_forest": {
    "accuracy": 0.9041066062796673,
    "per_class": {
      "Analysis": {
        "precision": 0.85,
        "recall": 0.5,
        "f1": 0.6296296296296297
      },
      "Backdoors": {
        "precision": 0.5863192182410424,
        "recall": 0.2719033232628399,
        "f1": 0.3715170278637771
      },
      "DoS": {
        "precision": 0.7482445270549359,
        "recall": 0.7814926660914582,
        "f1": 0.7645072800168812
      },
      "Exploits": {
        "precision": 0.6230305388056798,
        "recall": 0.8088383838383838,
        "f1": 0.7038786946489397
      },
      "Fuzzers": {
        "precision": 0.3484848484848485,
        "recall": 0.39655172413793105,
        "f1": 0.3709677419354839
      },
      "Generic": {
        "precision": 0.8512110726643599,
        "recall": 0.7299703264094956,
        "f1": 0.7859424920127795
      },
      "Normal": {
        "precision": 0.9879811303746883,
        "recall": 0.9742518518518518,
        "f1": 0.9810684608613925
      },
      "Reconnaissance": {
        "precision": 0.6739273927392739,
        "recall": 0.5656509695290859,
        "f1": 0.6150602409638555
      },
      "Shellcode": {
        "precision": 0.4015151515151515,
        "recall": 0.19133574007220217,
        "f1": 0.2591687041564792
      },
      "Worms": {
        "precision": 0.5,
        "recall": 0.3333333333333333,
        "f1": 0.4
      }
    },
    "confusion_matrix": [
      [
        34,
        1,
        17,
        9,
        0,
        0,
        4,
        3,
        0,
        0
      ],
      [
        1,
        180,
        285,
        119,
        5,
        16,
        10,
        31,
        14,
        1
      ],
      [
        3,
        57,
        3623,
        603,
        11,
        25,
        92,
        208,
        8,
        6
      ],
      [
        0,
        28,
        315,
        3203,
        3,
        30,
        193,
        147,
        40,
        1
      ],
      [
        0,
        1,
        28,
        0,
        23,
        0,
        6,
        0,
        0,
        0
      ],
      [
        0,
        8,
        65,
        80,
        0,
        492,
        12,
        13,
        2,
        2
      ],
      [
        1,
        12,
        164,
        586,
        23,
        6,
        32881,
        70,
        6,
        1
      ],
      [
        1,
        11,
        288,
        405,
        1,
        1,
        68,
        1021,
        8,
        1
      ],
      [
        0,
        9,
        45,
        132,
        0,
        8,
        13,
        17,
        53,
        0
      ],
      [
        0,
        0,
        12,
        4,
        0,
        0,
        2,
        5,
        1,
        12
      ]
    ],
    "confusion_matrix_labels": [
      "Analysis",
      "Backdoors",
      "DoS",
      "Exploits",
      "Fuzzers",
      "Generic",
      "Normal",
      "Reconnaissance",
      "Shellcode",
      "Worms"
    ]
  },
  "xgboost": {
    "accuracy": 0.8860122806253539,
    "per_class": {
      "Analysis": {
        "precision": 0.34234234234234234,
        "recall": 0.5588235294117647,
        "f1": 0.4245810055865922
      },
      "Backdoors": {
        "precision": 0.3543990086741016,
        "recall": 0.43202416918429004,
        "f1": 0.3893805309734513
      },
      "DoS": {
        "precision": 0.8939008894536213,
        "recall": 0.6069887834339949,
        "f1": 0.7230215827338129
      },
      "Exploits": {
        "precision": 0.6307626023265833,
        "recall": 0.7393939393939394,
        "f1": 0.6807719135084864
      },
      "Fuzzers": {
        "precision": 0.27976190476190477,
        "recall": 0.8103448275862069,
        "f1": 0.415929203539823
      },
      "Generic": {
        "precision": 0.69826435246996,
        "recall": 0.7759643916913946,
        "f1": 0.7350667603654252
      },
      "Normal": {
        "precision": 0.9988978692138134,
        "recall": 0.9667555555555556,
        "f1": 0.9825639172463637
      },
      "Reconnaissance": {
        "precision": 0.484695854320031,
        "recall": 0.6930747922437673,
        "f1": 0.5704514363885089
      },
      "Shellcode": {
        "precision": 0.1644398766700925,
        "recall": 0.5776173285198556,
        "f1": 0.256
      },
      "Worms": {
        "precision": 0.1927710843373494,
        "recall": 0.4444444444444444,
        "f1": 0.2689075630252101
      }
    },
    "confusion_matrix": [
      [
        38,
        0,
        4,
        14,
        0,
        3,
        0,
        6,
        2,
        1
      ],
      [
        5,
        286,
        135,
        87,
        13,
        25,
        0,
        60,
        48,
        3
      ],
      [
        27,
        371,
        2814,
        511,
        53,
        115,
        9,
        521,
        199,
        16
      ],
      [
        18,
        53,
        67,
        2928,
        4,
        65,
        16,
        448,
        332,
        29
      ],
      [
        0,
        8,
        1,
        2,
        47,
        0,
        0,
        0,
        0,
        0
      ],
      [
        3,
        19,
        22,
        51,
        3,
        523,
        2,
        25,
        22,
        4
      ],
      [
        7,
        31,
        47,
        645,
        47,
        12,
        32628,
        222,
        107,
        4
      ],
      [
        11,
        32,
        48,
        340,
        1,
        3,
        9,
        1251,
        100,
        10
      ],
      [
        2,
        6,
        8,
        56,
        0,
        3,
        0,
        42,
        160,
        0
      ],
      [
        0,
        1,
        2,
        8,
        0,
        0,
        0,
        6,
        3,
        16
      ]
    ],
    "confusion_matrix_labels": [
      "Analysis",
      "Backdoors",
      "DoS",
      "Exploits",
      "Fuzzers",
      "Generic",
      "Normal",
      "Reconnaissance",
      "Shellcode",
      "Worms"
    ]
  },
  "mlp": {
    "accuracy": 0.8281147933632365,
    "per_class": {
      "Analysis": {
        "precision": 0.07042253521126761,
        "recall": 0.5147058823529411,
        "f1": 0.12389380530973451
      },
      "Backdoors": {
        "precision": 0.2479108635097493,
        "recall": 0.13444108761329304,
        "f1": 0.1743388834476004
      },
      "DoS": {
        "precision": 0.8902173913043478,
        "recall": 0.3533218291630716,
        "f1": 0.5058678196417542
      },
      "Exploits": {
        "precision": 0.4686907020872865,
        "recall": 0.6237373737373737,
        "f1": 0.5352112676056338
      },
      "Fuzzers": {
        "precision": 0.1144578313253012,
        "recall": 0.9827586206896551,
        "f1": 0.20503597122302158
      },
      "Generic": {
        "precision": 0.37823834196891193,
        "recall": 0.5415430267062314,
        "f1": 0.4453935326418548
      },
      "Normal": {
        "precision": 0.9997517147202135,
        "recall": 0.9544592592592592,
        "f1": 0.9765806187567264
      },
      "Reconnaissance": {
        "precision": 0.40842272546682556,
        "recall": 0.5695290858725762,
        "f1": 0.4757056918093475
      },
      "Shellcode": {
        "precision": 0.10786914235190097,
        "recall": 0.4404332129963899,
        "f1": 0.17329545454545456
      },
      "Worms": {
        "precision": 0.02388535031847134,
        "recall": 0.4166666666666667,
        "f1": 0.045180722891566265
      }
    },